location_id,time,pm10,pm2_5,carbon_monoxide,carbon_dioxide,nitrogen_dioxide,sulphur_dioxide,ozone,methane,uv_index_clear_sky,uv_index,dust,aerosol_optical_depth,us_aqi,us_aqi_pm2_5,us_aqi_pm10,us_aqi_nitrogen_dioxide,us_aqi_carbon_monoxide,us_aqi_ozone,us_aqi_sulphur_dioxide
0,2026-06-03T00:00,7.7,7.2,165,441,7.8,1.1,64,1381,0,0,0,0.06,41,17,4,4,1,41,1
0,2026-06-03T01:00,7.5,7,167,444,7.6,1.2,65,1383,0,0,0,0.06,38,17,4,4,1,38,1
0,2026-06-03T02:00,6.4,6,169,446,7.5,1.3,65,1386,0,0,0,0.06,36,18,4,4,1,36,1
0,2026-06-03T03:00,5.3,4.9,168,449,7.6,1.3,61,1390,0,0,0,0.07,34,18,4,4,2,34,1
0,2026-06-03T04:00,4.6,4.3,167,452,7.8,1.2,56,1393,0,0,0,0.08,32,18,4,4,2,32,1
0,2026-06-03T05:00,4.4,4.2,166,454,7.7,1.1,51,1397,0,0,0,0.09,30,18,4,4,2,30,1
0,2026-06-03T06:00,4.6,4.3,169,455,7.4,1,44,1401,0,0,0,0.09,29,18,4,4,2,29,1
0,2026-06-03T07:00,4.9,4.6,173,454,6.8,0.9,37,1404,0.15,0.15,0,0.1,27,17,4,3,2,27,0
0,2026-06-03T08:00,5.3,4.9,174,453,5.8,0.9,38,1405,0.65,0.65,1,0.09,26,17,4,3,2,26,0
0,2026-06-03T09:00,6,5.6,170,451,4.6,0.9,54,1402,1.75,1.75,1,0.09,24,16,4,2,2,24,0
0,2026-06-03T10:00,7.9,7.2,164,448,3.1,0.9,77,1395,3.5,3.5,1,0.09,24,17,4,2,2,24,0
0,2026-06-03T11:00,9.3,8.4,156,445,1.8,0.9,96,1389,5.55,5.55,1,0.09,24,17,4,1,2,24,0
0,2026-06-03T12:00,6.6,5.9,146,444,1.2,0.9,107,1382,7.5,7.5,1,0.09,26,18,4,1,2,26,0
0,2026-06-03T13:00,5.4,4.7,136,443,1,0.9,113,1375,8.65,8.65,1,0.09,29,19,4,0,2,29,0
0,2026-06-03T14:00,5.3,4.5,128,442,0.9,0.9,117,1370,8.75,8.75,1,0.09,33,19,4,0,2,33,0
0,2026-06-03T15:00,5.3,4.4,125,442,0.7,0.9,119,1367,7.7,7.7,1,0.09,37,20,5,0,2,37,0
0,2026-06-03T16:00,5.2,4.3,125,442,0.6,0.9,119,1367,5.9,5.85,2,0.1,42,20,5,0,1,42,0
0,2026-06-03T17:00,5.2,4.2,128,442,1,0.9,116,1367,3.8,3.75,2,0.1,46,20,5,0,1,46,0
0,2026-06-03T18:00,5.2,4.2,132,442,1.9,0.9,109,1367,1.95,1.95,2,0.1,50,21,5,1,1,50,0
0,2026-06-03T19:00,5.2,4.2,140,441,3.2,0.9,99,1368,0.75,0.75,1,0.1,57,21,5,2,1,57,0
0,2026-06-03T20:00,5.8,5.1,152,443,5.1,0.9,89,1373,0.15,0.15,1,0.11,58,22,5,3,1,58,0
0,2026-06-03T21:00,6.8,6.1,174,448,8.1,1,79,1386,0,0,1,0.12,54,22,5,4,1,54,1
0,2026-06-03T22:00,7.7,7,202,456,11.6,1,69,1402,0,0,1,0.12,49,22,5,6,1,49,1
0,2026-06-03T23:00,7.9,7.2,224,462,14.2,1.1,61,1416,0,0,1,0.11,46,23,5,7,1,46,1
0,2026-06-04T00:00,7.9,7.1,237,465,14.7,1.1,58,1422,0,0,1,0.1,43,23,6,7,2,43,1
0,2026-06-04T01:00,7.8,7,244,468,14.2,1.2,57,1426,0,0,1,0.09,39,23,6,7,2,39,1
0,2026-06-04T02:00,7.9,7.1,248,470,14.3,1.2,55,1430,0,0,1,0.09,36,23,6,7,2,36,1
0,2026-06-04T03:00,8.3,7.4,247,473,16,1.2,51,1438,0,0,1,0.08,33,23,6,8,2,33,1
0,2026-06-04T04:00,8.6,7.7,243,477,18.2,1.3,45,1447,0,0,1,0.08,30,23,6,9,2,30,1
0,2026-06-04T05:00,9.4,8.5,240,479,19.3,1.3,42,1456,0,0,1,0.08,28,24,6,10,2,28,1
0,2026-06-04T06:00,10.4,9.5,244,480,18.5,1.3,39,1469,0,0,1,0.08,25,25,6,9,2,25,1
0,2026-06-04T07:00,11.6,10.7,249,481,16.4,1.3,37,1482,0.15,0.15,1,0.09,25,25,6,8,2,24,1
0,2026-06-04T08:00,9.7,9,244,478,13.7,1.3,44,1482,0.7,0.7,1,0.09,27,27,7,7,2,22,1
0,2026-06-04T09:00,8.6,7.9,219,471,9.8,1.4,66,1458,1.85,1.85,1,0.09,27,27,7,5,2,21,1
0,2026-06-04T10:00,8,7.1,184,460,5.2,1.6,96,1420,3.7,3.7,1,0.1,28,28,7,3,2,22,1
0,2026-06-04T11:00,5.7,4.9,156,452,1.8,1.7,118,1390,5.85,5.8,1,0.11,28,28,7,1,2,24,1
0,2026-06-04T12:00,5.6,4.8,143,447,0.7,1.6,125,1376,7.75,7.15,1,0.13,28,27,7,0,2,28,1
0,2026-06-04T13:00,6.2,5.2,137,443,0.8,1.3,124,1371,8.9,8,2,0.14,33,27,7,0,2,33,1
0,2026-06-04T14:00,6.5,5.4,133,441,1,1.1,123,1367,8.95,8.2,2,0.13,38,27,7,0,2,38,1
0,2026-06-04T15:00,6.7,5.6,130,440,0.9,1,124,1365,7.85,7.15,2,0.13,42,27,7,0,2,42,1
0,2026-06-04T16:00,6.8,5.7,129,441,1,0.9,124,1365,6,5.15,2,0.14,48,27,7,0,2,48,0
0,2026-06-04T17:00,6.8,5.8,130,442,1.3,0.9,121,1365,3.8,3.2,2,0.15,58,28,7,1,1,58,0
0,2026-06-04T18:00,6.9,5.9,135,442,2,0.8,114,1366,1.95,1.5,2,0.16,70,28,7,1,1,70,0
0,2026-06-04T19:00,7,6.1,142,442,3,0.8,104,1366,0.75,0.6,1,0.16,74,28,7,1,1,74,0
0,2026-06-04T20:00,7.3,6.6,147,442,4.4,0.8,94,1367,0.15,0.15,1,0.15,71,28,7,2,1,71,0
0,2026-06-04T21:00,7.9,7.2,149,444,6.4,0.9,85,1366,0,0,1,0.14,64,29,7,3,1,64,0
0,2026-06-04T22:00,8.4,7.8,149,446,8.7,0.9,75,1365,0,0,1,0.13,56,29,7,4,1,56,0
0,2026-06-04T23:00,8.8,8.2,151,449,10.4,1,68,1365,0,0,1,0.12,49,29,7,5,1,49,1
0,2026-06-05T00:00,9.1,8.5,156,451,10.9,1,64,1367,0,0,1,0.12,46,29,7,5,1,46,1
0,2026-06-05T01:00,9.1,8.5,161,453,10.8,1,61,1370,0,0,1,0.13,42,29,7,5,1,42,1
0,2026-06-05T02:00,8.8,8.3,164,455,10.5,1,59,1373,0,0,1,0.12,39,30,7,5,1,39,1
0,2026-06-05T03:00,8.6,8,160,456,10.2,1,56,1375,0,0,1,0.13,35,30,7,5,1,35,1
0,2026-06-05T04:00,8.1,7.6,154,458,9.8,1,54,1376,0,0,1,0.13,33,30,7,5,1,33,1
0,2026-06-05T05:00,7.4,7.1,150,458,9.2,1,52,1377,0,0,1,0.13,30,30,7,5,2,30,1
0,2026-06-05T06:00,6.7,6.4,153,457,8.6,1,49,1378,0,0,1,0.13,30,30,7,4,2,28,1
0,2026-06-05T07:00,6.2,5.9,160,456,7.8,0.9,46,1379,0.15,0.15,0,0.14,29,29,7,4,2,27,0
0,2026-06-05T08:00,5.8,5.7,163,454,6.8,0.9,50,1379,0.65,0.6,0,0.13,28,28,7,3,2,26,0
0,2026-06-05T09:00,6.1,5.8,161,451,5.2,1,68,1377,1.85,1.7,0,0.13,28,28,7,3,2,25,1
0,2026-06-05T10:00,6.2,5.9,155,447,3.4,1.2,93,1375,3.65,3.6,0,0.12,27,27,7,2,2,25,1
0,2026-06-05T11:00,5.8,5.6,150,444,2,1.3,113,1372,5.75,5.7,0,0.12,27,27,7,1,2,27,1
0,2026-06-05T12:00,5.2,4.9,145,443,1.4,1.3,122,1369,7.65,7.15,0,0.13,30,27,7,1,2,30,1
0,2026-06-05T13:00,5.2,4.8,140,443,1.2,1.2,126,1367,8.75,7.3,1,0.14,34,27,7,1,1,34,1
0,2026-06-05T14:00,5.4,4.9,137,443,1.1,1.1,128,1365,8.8,8.25,1,0.14,39,27,6,1,1,39,1
0,2026-06-05T15:00,5.9,5.1,135,443,1,1,129,1364,7.7,6.8,1,0.15,43,27,6,0,1,43,1
0,2026-06-05T16:00,6.4,5.3,135,443,1,1,127,1363,5.85,4.4,1,0.17,48,27,6,0,1,48,1
0,2026-06-05T17:00,6.7,5.5,138,443,1.3,0.9,124,1363,3.75,2.8,1,0.17,59,27,6,1,1,59,0
0,2026-06-05T18:00,6.8,5.6,146,443,1.9,0.9,118,1365,1.95,1.7,1,0.16,71,27,6,1,1,71,0
0,2026-06-05T19:00,6.8,5.7,157,443,2.7,0.9,111,1368,0.75,0.65,0,0.16,76,27,6,1,1,76,0
0,2026-06-05T20:00,6.9,5.8,164,444,3.5,0.9,103,1370,0.15,0.15,0,0.17,76,27,6,2,1,76,0
0,2026-06-05T21:00,7,6,163,445,4.3,0.9,96,1372,0,0,0,0.15,72,27,6,2,1,72,0
0,2026-06-05T22:00,7.1,6.1,159,447,5.1,0.9,89,1373,0,0,0,0.13,66,27,6,3,1,66,0
0,2026-06-05T23:00,7.2,6.3,155,449,5.7,0.9,83,1374,0,0,0,0.13,57,26,6,3,1,57,0
0,2026-06-06T00:00,7.2,6.3,153,450,5.8,0.9,79,1375,0,0,0,0.13,49,26,6,3,1,49,0
0,2026-06-06T01:00,7.1,6.2,150,450,5.6,1,76,1375,0,0,0,0.13,47,26,6,3,1,47,1
0,2026-06-06T02:00,7,6.2,149,451,5.5,1,73,1375,0,0,0,0.13,44,25,6,3,2,44,1
0,2026-06-06T03:00,7,6.2,148,452,5.5,1,70,1375,0,0,0,0.13,41,25,6,3,2,41,1
0,2026-06-06T04:00,6.8,6,148,454,5.5,1,66,1374,0,0,0,0.14,39,24,6,3,1,39,1
0,2026-06-06T05:00,6.6,5.9,149,455,5.4,1,64,1374,0,0,0,0.15,37,24,6,3,1,37,1
0,2026-06-06T06:00,6.7,5.9,151,456,5.2,1,61,1375,0,0,0,0.16,35,24,6,3,1,35,1
0,2026-06-06T07:00,6.7,6,153,456,4.9,1,60,1376,0.15,0.1,0,0.17,33,24,6,2,1,33,1
0,2026-06-06T08:00,7,6.2,153,455,4.4,1,63,1376,0.7,0.7,0,0.14,32,24,6,2,1,32,1
0,2026-06-06T09:00,8.2,7.1,149,453,3.5,1.1,75,1374,1.95,1.95,0,0.15,31,24,6,2,1,31,1
0,2026-06-06T10:00,9.2,7.8,143,451,2.4,1.2,93,1372,3.9,3.85,1,0.17,31,24,6,1,1,31,1
0,2026-06-06T11:00,9.6,7.9,138,449,1.5,1.3,106,1370,6.05,5.8,1,0.2,32,25,6,1,1,32,1
0,2026-06-06T12:00,9.3,7.5,134,448,1.2,1.3,110,1370,8.05,7.05,1,0.22,34,25,6,1,1,34,1
0,2026-06-06T13:00,8.6,6.8,130,447,1.1,1.2,111,1370,9.2,6.1,1,0.23,37,25,6,1,1,37,1
0,2026-06-06T14:00,8,6.4,128,446,1.1,1.1,111,1370,9.2,5.95,1,0.22,39,26,7,1,1,39,1
0,2026-06-06T15:00,7.7,6.2,128,446,1,1.1,113,1370,8.05,5.35,1,0.2,42,26,7,0,1,42,1
0,2026-06-06T16:00,8,6.3,128,446,0.9,1,116,1370,6.15,5.5,1,0.2,45,26,7,0,1,45,1
0,2026-06-06T17:00,8.2,6.3,130,446,1.1,1,116,1369,3.95,3.85,1,0.2,48,26,7,1,1,48,1
0,2026-06-06T18:00,8.6,6.6,132,446,1.7,1,112,1368,2.05,2,1,0.18,53,27,7,1,1,53,1
0,2026-06-06T19:00,9.1,7,135,447,2.6,1,106,1367,0.8,0.75,1,0.17,57,27,7,1,1,57,1
0,2026-06-06T20:00,9.2,7.3,139,448,3.5,1.1,99,1366,0.2,0.15,1,0.15,57,27,7,2,1,57,1
0,2026-06-06T21:00,9.7,7.9,145,451,4.7,1.2,91,1367,0,0,1,0.15,55,27,7,2,1,55,1
0,2026-06-06T22:00,9.9,8.2,151,456,5.9,1.3,82,1369,0,0,1,0.16,50,28,7,3,1,50,1
0,2026-06-06T23:00,10,8.3,155,459,6.6,1.4,75,1370,0,0,1,0.15,48,28,7,3,1,48,1
0,2026-06-07T00:00,9.8,8.1,153,460,6.1,1.5,72,1370,0,0,1,0.14,46,28,7,3,1,46,1
0,2026-06-07T01:00,9.4,7.8,148,461,5.1,1.6,71,1370,0,0,1,0.14,44,29,8,3,1,44,1
0,2026-06-07T02:00,8.9,7.4,143,461,4.7,1.6,69,1370,0,0,1,0.16,41,29,8,2,1,41,1
0,2026-06-07T03:00,7.7,6.6,140,461,6,1.6,64,1371,0,0,1,0.17,39,29,8,3,1,39,1
0,2026-06-07T04:00,7.8,6.7,138,460,7.9,1.6,58,1372,0,0,0,0.18,36,29,8,4,1,36,1
0,2026-06-07T05:00,7.9,6.8,138,460,9.1,1.5,53,1374,0,0,0,0.18,34,29,8,4,1,34,1
0,2026-06-07T06:00,8.1,7.1,141,461,8.8,1.4,50,1377,0,0,0,0.18,32,29,8,4,1,32,1
0,2026-06-07T07:00,8.1,7.1,145,463,7.6,1.3,49,1381,0.15,0.15,0,0.18,30,30,8,4,1,30,1
0,2026-06-07T08:00,7.7,6.8,147,463,6.3,1.3,53,1384,0.7,0.7,0,0.18,30,30,8,3,1,28,1
0,2026-06-07T09:00,7.9,6.8,144,460,4.7,1.3,68,1386,2,1.9,0,0.18,30,30,8,2,1,27,1
0,2026-06-07T10:00,8.5,7,139,456,2.9,1.4,89,1388,4,3.6,1,0.18,30,30,8,1,1,27,1
0,2026-06-07T11:00,8.8,7.1,134,452,1.6,1.4,104,1388,6.35,5.7,1,0.2,30,30,8,1,1,28,1
0,2026-06-07T12:00,9,7,131,451,1.1,1.2,108,1386,8.45,6.65,1,0.22,30,30,8,1,1,30,1
0,2026-06-07T13:00,8.4,6.4,128,450,1.1,1,107,1384,9.7,4.6,1,0.22,33,29,8,1,1,33,1
0,2026-06-07T14:00,7.7,5.8,127,450,1.2,0.8,106,1381,9.8,4.05,1,0.2,36,29,8,1,1,36,0
0,2026-06-07T15:00,7.8,6,127,450,1.1,0.8,107,1378,8.65,5.65,1,0.19,40,29,8,1,1,40,0
0,2026-06-07T16:00,7.9,6,129,450,1.1,0.8,107,1375,6.6,3.45,1,0.18,43,29,8,1,1,43,0
0,2026-06-07T17:00,7,5.3,132,450,1.3,0.8,106,1375,4.2,2.45,1,0.19,46,29,8,1,1,46,0
0,2026-06-07T18:00,7.1,5.4,139,450,1.6,0.8,102,1379,2.15,1.25,1,0.2,48,29,8,1,1,48,0
0,2026-06-07T19:00,6.9,5.3,147,451,2,0.7,97,1386,0.8,0.5,1,0.21,49,29,8,1,1,49,0
0,2026-06-07T20:00,5.5,4.6,157,451,2.8,0.7,91,1389,0.2,0.15,1,0.2,49,29,8,1,1,49,0
0,2026-06-07T21:00,5.3,4.5,165.5,451,4.2,0.7,83,1390,0,0,1,0.19,48,28,7,2,1,48,0
0,2026-06-07T22:00,5.8,5.2,176.8,451,5.9,0.7,75,1390,0,0,1,0.18,46,27,7,3,2,46,0
0,2026-06-07T23:00,5.6,5.1,190,NaN,7.1,0.7,68,NaN,0,0,1,0.19,45,27,7,3,2,45,0
0,2026-06-08T00:00,5.3,4.8,192,NaN,7.3,0.7,64,NaN,0,0,1,0.19,42,26,7,4,2,42,0
0,2026-06-08T01:00,5.2,4.8,193,NaN,7.1,0.6,62,NaN,0,0,1,0.19,40,26,7,3,2,40,0
0,2026-06-08T02:00,5.2,4.7,193,NaN,6.8,0.6,60,NaN,0,0,1,0.17,37,25,7,3,2,37,0
0,2026-06-08T03:00,5.2,4.8,193,NaN,6.7,0.6,57,NaN,0,0,1,0.17,35,25,7,3,2,35,0
0,2026-06-08T04:00,5.2,4.9,194,NaN,6.5,0.7,53,NaN,0,0,0,0.17,32,24,6,3,2,32,0
0,2026-06-08T05:00,5.2,4.8,194,NaN,6.3,0.7,50,NaN,0,0,0,0.18,30,24,6,3,2,30,0
0,2026-06-08T06:00,5.2,4.9,195,NaN,5.8,0.7,49,NaN,0,0,0,0.18,28,24,6,3,2,28,0
0,2026-06-08T07:00,5.3,4.9,197,NaN,5.2,0.7,48,NaN,0.15,0.15,0,0.17,27,23,6,3,2,27,0
0,2026-06-08T08:00,5.5,5.1,198,NaN,4.8,0.7,48,NaN,0.75,0.7,0,0.17,26,23,6,2,2,26,0
0,2026-06-08T09:00,NaN,NaN,NaN,NaN,NaN,NaN,NaN,NaN,NaN,NaN,NaN,NaN,25,23,6,NaN,2,25,NaN
0,2026-06-08T10:00,NaN,NaN,NaN,NaN,NaN,NaN,NaN,NaN,NaN,NaN,NaN,NaN,NaN,NaN,NaN,NaN,NaN,NaN,NaN
0,2026-06-08T11:00,NaN,NaN,NaN,NaN,NaN,NaN,NaN,NaN,NaN,NaN,NaN,NaN,NaN,NaN,NaN,NaN,NaN,NaN,NaN
0,2026-06-08T12:00,NaN,NaN,NaN,NaN,NaN,NaN,NaN,NaN,NaN,NaN,NaN,NaN,NaN,NaN,NaN,NaN,NaN,NaN,NaN
0,2026-06-08T13:00,NaN,NaN,NaN,NaN,NaN,NaN,NaN,NaN,NaN,NaN,NaN,NaN,NaN,NaN,NaN,NaN,NaN,NaN,NaN
0,2026-06-08T14:00,NaN,NaN,NaN,NaN,NaN,NaN,NaN,NaN,NaN,NaN,NaN,NaN,NaN,NaN,NaN,NaN,NaN,NaN,NaN
0,2026-06-08T15:00,NaN,NaN,NaN,NaN,NaN,NaN,NaN,NaN,NaN,NaN,NaN,NaN,NaN,NaN,NaN,NaN,NaN,NaN,NaN
0,2026-06-08T16:00,NaN,NaN,NaN,NaN,NaN,NaN,NaN,NaN,NaN,NaN,NaN,NaN,NaN,NaN,NaN,NaN,NaN,NaN,NaN
0,2026-06-08T17:00,NaN,NaN,NaN,NaN,NaN,NaN,NaN,NaN,NaN,NaN,NaN,NaN,NaN,NaN,NaN,NaN,NaN,NaN,NaN
0,2026-06-08T18:00,NaN,NaN,NaN,NaN,NaN,NaN,NaN,NaN,NaN,NaN,NaN,NaN,NaN,NaN,NaN,NaN,NaN,NaN,NaN
0,2026-06-08T19:00,NaN,NaN,NaN,NaN,NaN,NaN,NaN,NaN,NaN,NaN,NaN,NaN,NaN,NaN,NaN,NaN,NaN,NaN,NaN
0,2026-06-08T20:00,NaN,NaN,NaN,NaN,NaN,NaN,NaN,NaN,NaN,NaN,NaN,NaN,NaN,NaN,NaN,NaN,NaN,NaN,NaN
0,2026-06-08T21:00,NaN,NaN,NaN,NaN,NaN,NaN,NaN,NaN,NaN,NaN,NaN,NaN,NaN,NaN,NaN,NaN,NaN,NaN,NaN
0,2026-06-08T22:00,NaN,NaN,NaN,NaN,NaN,NaN,NaN,NaN,NaN,NaN,NaN,NaN,NaN,NaN,NaN,NaN,NaN,NaN,NaN
0,2026-06-08T23:00,NaN,NaN,NaN,NaN,NaN,NaN,NaN,NaN,NaN,NaN,NaN,NaN,NaN,NaN,NaN,NaN,NaN,NaN,NaN
0,2026-06-09T00:00,NaN,NaN,NaN,NaN,NaN,NaN,NaN,NaN,NaN,NaN,NaN,NaN,NaN,NaN,NaN,NaN,NaN,NaN,NaN
0,2026-06-09T01:00,NaN,NaN,NaN,NaN,NaN,NaN,NaN,NaN,NaN,NaN,NaN,NaN,NaN,NaN,NaN,NaN,NaN,NaN,NaN
0,2026-06-09T02:00,NaN,NaN,NaN,NaN,NaN,NaN,NaN,NaN,NaN,NaN,NaN,NaN,NaN,NaN,NaN,NaN,NaN,NaN,NaN
0,2026-06-09T03:00,NaN,NaN,NaN,NaN,NaN,NaN,NaN,NaN,NaN,NaN,NaN,NaN,NaN,NaN,NaN,NaN,NaN,NaN,NaN
0,2026-06-09T04:00,NaN,NaN,NaN,NaN,NaN,NaN,NaN,NaN,NaN,NaN,NaN,NaN,NaN,NaN,NaN,NaN,NaN,NaN,NaN
0,2026-06-09T05:00,NaN,NaN,NaN,NaN,NaN,NaN,NaN,NaN,NaN,NaN,NaN,NaN,NaN,NaN,NaN,NaN,NaN,NaN,NaN
0,2026-06-09T06:00,NaN,NaN,NaN,NaN,NaN,NaN,NaN,NaN,NaN,NaN,NaN,NaN,NaN,NaN,NaN,NaN,NaN,NaN,NaN
0,2026-06-09T07:00,NaN,NaN,NaN,NaN,NaN,NaN,NaN,NaN,NaN,NaN,NaN,NaN,NaN,NaN,NaN,NaN,NaN,NaN,NaN
0,2026-06-09T08:00,NaN,NaN,NaN,NaN,NaN,NaN,NaN,NaN,NaN,NaN,NaN,NaN,NaN,NaN,NaN,NaN,NaN,NaN,NaN
0,2026-06-09T09:00,NaN,NaN,NaN,NaN,NaN,NaN,NaN,NaN,NaN,NaN,NaN,NaN,NaN,NaN,NaN,NaN,NaN,NaN,NaN
0,2026-06-09T10:00,NaN,NaN,NaN,NaN,NaN,NaN,NaN,NaN,NaN,NaN,NaN,NaN,NaN,NaN,NaN,NaN,NaN,NaN,NaN
0,2026-06-09T11:00,NaN,NaN,NaN,NaN,NaN,NaN,NaN,NaN,NaN,NaN,NaN,NaN,NaN,NaN,NaN,NaN,NaN,NaN,NaN
0,2026-06-09T12:00,NaN,NaN,NaN,NaN,NaN,NaN,NaN,NaN,NaN,NaN,NaN,NaN,NaN,NaN,NaN,NaN,NaN,NaN,NaN
0,2026-06-09T13:00,NaN,NaN,NaN,NaN,NaN,NaN,NaN,NaN,NaN,NaN,NaN,NaN,NaN,NaN,NaN,NaN,NaN,NaN,NaN
0,2026-06-09T14:00,NaN,NaN,NaN,NaN,NaN,NaN,NaN,NaN,NaN,NaN,NaN,NaN,NaN,NaN,NaN,NaN,NaN,NaN,NaN
0,2026-06-09T15:00,NaN,NaN,NaN,NaN,NaN,NaN,NaN,NaN,NaN,NaN,NaN,NaN,NaN,NaN,NaN,NaN,NaN,NaN,NaN
0,2026-06-09T16:00,NaN,NaN,NaN,NaN,NaN,NaN,NaN,NaN,NaN,NaN,NaN,NaN,NaN,NaN,NaN,NaN,NaN,NaN,NaN
0,2026-06-09T17:00,NaN,NaN,NaN,NaN,NaN,NaN,NaN,NaN,NaN,NaN,NaN,NaN,NaN,NaN,NaN,NaN,NaN,NaN,NaN
0,2026-06-09T18:00,NaN,NaN,NaN,NaN,NaN,NaN,NaN,NaN,NaN,NaN,NaN,NaN,NaN,NaN,NaN,NaN,NaN,NaN,NaN
0,2026-06-09T19:00,NaN,NaN,NaN,NaN,NaN,NaN,NaN,NaN,NaN,NaN,NaN,NaN,NaN,NaN,NaN,NaN,NaN,NaN,NaN
0,2026-06-09T20:00,NaN,NaN,NaN,NaN,NaN,NaN,NaN,NaN,NaN,NaN,NaN,NaN,NaN,NaN,NaN,NaN,NaN,NaN,NaN
0,2026-06-09T21:00,NaN,NaN,NaN,NaN,NaN,NaN,NaN,NaN,NaN,NaN,NaN,NaN,NaN,NaN,NaN,NaN,NaN,NaN,NaN
0,2026-06-09T22:00,NaN,NaN,NaN,NaN,NaN,NaN,NaN,NaN,NaN,NaN,NaN,NaN,NaN,NaN,NaN,NaN,NaN,NaN,NaN
0,2026-06-09T23:00,NaN,NaN,NaN,NaN,NaN,NaN,NaN,NaN,NaN,NaN,NaN,NaN,NaN,NaN,NaN,NaN,NaN,NaN,NaN
1,2026-06-03T00:00,55.5,14.6,158,466,15.1,1,94,1397,0,0,79,0.12,86,62,55,7,1,86,1
1,2026-06-03T01:00,54,15.2,168,472,21.2,1.1,79,1400,0,0,74,0.12,78,62,55,10,1,78,1
1,2026-06-03T02:00,53.7,15.9,172,476,25.7,1.1,69,1401,0,0,70,0.12,67,62,55,13,1,67,1
1,2026-06-03T03:00,53.2,16.2,163,473,27.7,1.1,66,1399,0,0,67,0.12,61,61,54,14,1,52,1
1,2026-06-03T04:00,52.4,16.1,148,467,28.1,1.1,66,1396,0,0,66,0.13,61,61,54,14,1,46,1
1,2026-06-03T05:00,51,15.8,139,464,27.7,1.1,68,1398,0,0,64,0.13,61,61,54,14,1,42,1
1,2026-06-03T06:00,48.7,15.4,146,467,26.4,1.1,71,1410,0,0,60,0.14,60,60,54,13,1,39,1
1,2026-06-03T07:00,45.3,14.8,160,474,24.2,1.1,74,1427,0,0,55,0.15,60,60,54,12,2,36,1
1,2026-06-03T08:00,44,16.1,168,477,26.9,1.2,74,1438,0,0,49,0.14,59,59,53,13,2,34,1
1,2026-06-03T09:00,42.3,16.4,165,475,25.7,1.2,72,1436,0.05,0.05,43,0.14,59,59,53,13,2,33,1
1,2026-06-03T10:00,41.3,16.7,156,471,23.9,1.2,70,1428,0.45,0.45,34,0.15,59,59,53,12,2,32,1
1,2026-06-03T11:00,34,15.5,148,466,20.7,1.2,73,1419,1.55,1.5,30,0.15,58,58,53,10,2,33,1
1,2026-06-03T12:00,33.5,14.3,141,462,14.8,1.3,86,1411,3.4,3.3,34,0.15,58,58,53,7,1,33,1
1,2026-06-03T13:00,37,14.4,135,457,7.6,1.4,105,1402,5.75,5.65,42,0.16,58,58,53,4,1,34,1
1,2026-06-03T14:00,45.4,15.8,130,454,2.3,1.4,120,1394,8.05,7.95,50,0.16,58,58,53,1,1,36,1
1,2026-06-03T15:00,51.8,16.8,127,453,0.6,1.3,128,1387,9.6,9.45,58,0.17,58,58,53,0,1,39,1
1,2026-06-03T16:00,53.8,16.7,125,452,0.8,1.2,133,1381,10,9.9,66,0.17,58,58,52,0,1,42,1
1,2026-06-03T17:00,55.8,16.4,123,452,1.1,1.1,135,1377,9.15,9.1,71,0.15,58,58,52,1,1,46,1
1,2026-06-03T18:00,56.7,15.5,120,451,0.5,1,136,1375,7.2,7.2,73,0.14,58,58,52,0,1,49,1
1,2026-06-03T19:00,56.3,14.8,118,449,0,0.9,136,1375,4.75,4.75,73,0.14,61,58,51,0,1,61,0
1,2026-06-03T20:00,52.4,14.1,118,449,1.2,0.9,131,1376,2.55,2.55,71,0.14,75,58,49,1,1,75,0
1,2026-06-03T21:00,44.8,13.3,122,450,5.5,0.9,120,1376,1,1,63,0.14,84,58,48,3,1,84,0
1,2026-06-03T22:00,41.8,13.6,128,451,11.5,0.9,104,1378,0.25,0.25,53,0.14,88,57,46,6,1,88,0
1,2026-06-03T23:00,43.7,14.5,134,454,15.9,0.9,91,1380,0,0,53,0.14,84,57,44,8,1,84,0
1,2026-06-04T00:00,58,16,140,459,17.1,0.9,81,1384,0,0,74,0.14,76,57,44,8,1,76,0
1,2026-06-04T01:00,77.8,17.9,145,464,16.8,0.9,73,1390,0,0,104,0.14,65,57,44,8,1,65,0
1,2026-06-04T02:00,85,18.9,149,468,16.6,0.9,67,1397,0,0,122,0.14,58,58,44,8,1,52,0
1,2026-06-04T03:00,83.8,19,149,468,17.2,0.9,64,1405,0,0,115,0.14,58,58,46,8,1,47,0
1,2026-06-04T04:00,71.2,18,147,466,17.9,0.8,63,1413,0,0,95,0.14,58,58,47,9,1,42,0
1,2026-06-04T05:00,59.4,17.1,147,465,18.5,0.8,63,1421,0,0,77,0.13,58,58,48,9,1,38,0
1,2026-06-04T06:00,52.7,16.5,154,468,18.9,0.8,65,1427,0,0,67,0.13,58,58,48,9,1,35,0
1,2026-06-04T07:00,48.3,16.3,163,474,19.2,0.9,69,1433,0,0,58,0.13,58,58,48,9,1,33,0
1,2026-06-04T08:00,45.3,16.2,168,477,18.8,0.9,73,1436,0,0,51,0.13,59,59,48,9,1,32,0
1,2026-06-04T09:00,43.1,16.3,167,477,17.6,0.9,74,1438,0.05,0.05,43,0.13,59,59,48,9,1,31,0
1,2026-06-04T10:00,41.2,16.3,162,476,15.8,0.9,75,1437,0.5,0.5,36,0.13,59,59,48,8,2,31,0
1,2026-06-04T11:00,35.3,15.4,156,473,13.4,1,80,1434,1.6,1.6,34,0.13,59,59,48,7,2,32,1
1,2026-06-04T12:00,37.6,14.7,151,470,9.8,1.1,92,1426,3.55,3.55,42,0.13,59,59,48,5,2,33,1
1,2026-06-04T13:00,48,16,145,465,5.5,1.3,107,1415,6,6,55,0.13,59,59,48,3,2,34,1
1,2026-06-04T14:00,55.8,17.7,139,461,2.3,1.4,119,1403,8.4,8.4,68,0.13,59,59,49,1,2,37,1
1,2026-06-04T15:00,59.8,18.2,132,457,1.1,1.3,125,1390,10.05,10.05,76,0.13,59,59,49,1,2,40,1
1,2026-06-04T16:00,63.8,17.9,125,454,1,1.2,127,1376,10.45,10.45,84,0.13,59,59,50,0,1,43,1
1,2026-06-04T17:00,68.2,17.5,120,451,1.1,1,127,1366,9.45,9.45,94,0.12,59,59,50,1,1,46,1
1,2026-06-04T18:00,75.9,17.3,117,450,0.7,0.9,126,1361,7.45,7.45,112,0.12,59,59,50,0,1,49,0
1,2026-06-04T19:00,86.4,17.6,115,449,0.5,0.8,124,1359,4.95,4.95,132,0.12,59,59,51,0,1,59,0
1,2026-06-04T20:00,91,17.6,117,450,1.2,0.7,119,1360,2.6,2.6,142,0.12,68,60,51,1,1,68,0
1,2026-06-04T21:00,90.6,17.5,124,452,3,0.7,111,1364,1,1,133,0.12,74,60,52,1,1,74,0
1,2026-06-04T22:00,85,17.2,133,456,5.7,0.8,101,1371,0.25,0.25,112,0.12,75,60,53,3,1,75,0
1,2026-06-04T23:00,65.7,15.9,143,460,9.2,0.8,91,1378,0,0,94,0.11,71,61,54,5,1,71,0
1,2026-06-05T00:00,56.7,15.8,152,466,14.2,0.8,80,1383,0,0,81,0.11,64,61,54,7,1,64,0
1,2026-06-05T01:00,51,15.9,161,472,20,0.9,70,1389,0,0,69,0.1,61,61,54,10,1,54,0
1,2026-06-05T02:00,48.9,16.4,169,479,24.2,0.9,62,1393,0,0,61,0.1,61,61,54,12,1,48,0
1,2026-06-05T03:00,48.2,16.8,177,486,25.6,0.9,59,1396,0,0,58,0.1,60,60,53,13,1,44,0
1,2026-06-05T04:00,48.1,16.8,185,494,25.4,0.8,59,1399,0,0,58,0.1,60,60,52,13,1,40,0
1,2026-06-05T05:00,48.1,16.6,189,499,24.8,0.8,60,1401,0,0,58,0.1,60,60,52,12,2,37,0
1,2026-06-05T06:00,48.3,16.5,187,500,24.1,0.8,61,1403,0,0,59,0.1,60,60,52,12,2,34,0
1,2026-06-05T07:00,48.4,16.3,181,500,23,0.9,64,1405,0,0,60,0.11,60,60,51,11,2,31,0
1,2026-06-05T08:00,48.5,16.2,177,498,21.6,0.9,66,1410,0,0,60,0.11,60,60,51,11,2,30,0
1,2026-06-05T09:00,48.4,16.2,179,497,20.1,0.9,66,1422,0.05,0.05,57,0.11,60,60,52,10,2,29,0
1,2026-06-05T10:00,47.6,16.2,182,495,18.4,0.9,67,1437,0.45,0.45,53,0.11,60,60,52,9,2,29,0
1,2026-06-05T11:00,42.7,15.4,181,491,15.8,0.9,72,1445,1.5,1.5,50,0.12,60,60,52,8,2,29,0
1,2026-06-05T12:00,38.5,14.4,172,483,11.5,1,87,1443,3.25,3.25,48,0.12,60,60,52,6,2,30,1
1,2026-06-05T13:00,42,15.9,158,474,6.4,1.2,107,1434,5.5,5.5,47,0.12,60,60,52,3,2,31,1
1,2026-06-05T14:00,47,16.5,146,466,2.6,1.3,122,1424,7.7,7.7,54,0.13,60,60,52,1,2,34,1
1,2026-06-05T15:00,53.7,15.9,138,462,1.1,1.2,127,1412,9.2,9.2,70,0.13,60,60,52,1,2,38,1
1,2026-06-05T16:00,63.3,15.4,133,459,1,1,127,1399,9.55,9.55,93,0.13,60,60,52,0,2,41,1
1,2026-06-05T17:00,79.6,15.9,128,457,1,0.8,126,1388,8.6,8.6,122,0.13,59,59,52,0,2,45,0
1,2026-06-05T18:00,109.9,18.5,123,455,0.7,0.7,127,1380,6.7,6.7,165,0.14,59,59,52,0,1,48,0
1,2026-06-05T19:00,139.2,21.6,120,454,0.6,0.7,127,1375,4.4,4.4,214,0.15,59,59,52,0,1,57,0
1,2026-06-05T20:00,145.8,22.5,118,453,1,0.7,124,1371,2.35,2.35,243,0.16,69,60,54,0,1,69,0
1,2026-06-05T21:00,119.7,19.7,119,453,1.7,0.7,118,1368,0.95,0.95,236,0.16,76,60,55,1,1,76,0
1,2026-06-05T22:00,121.5,20,122,454,2.8,0.8,109,1367,0.2,0.2,208,0.15,79,60,55,1,1,79,0
1,2026-06-05T23:00,114.8,20,124,455,5.1,0.8,99,1366,0,0,184,0.14,76,61,56,3,1,76,0
1,2026-06-06T00:00,99.4,18.9,124,456,9.4,0.9,86,1366,0,0,170,0.14,70,61,57,5,1,70,0
1,2026-06-06T01:00,97.3,19.6,124,458,15,0.9,71,1367,0,0,159,0.14,61,61,58,7,1,61,0
1,2026-06-06T02:00,101.3,21.1,123,459,19.9,1,59,1368,0,0,152,0.14,62,62,59,10,1,50,1
1,2026-06-06T03:00,105.5,22.3,122,459,23.6,1,51,1368,0,0,152,0.14,62,62,60,12,1,46,1
1,2026-06-06T04:00,107.8,23.2,121,458,26.7,1,45,1369,0,0,157,0.14,62,62,61,13,1,42,1
1,2026-06-06T05:00,109.2,23.9,122,458,29.3,1,41,1370,0,0,159,0.14,63,63,62,14,1,37,1
1,2026-06-06T06:00,110.4,24.6,126,461,32.1,1,37,1372,0,0,157,0.14,64,64,64,16,1,33,1
1,2026-06-06T07:00,108.3,24.7,132,464,34.5,1.1,34,1376,0,0,153,0.14,65,64,65,17,1,28,1
1,2026-06-06T08:00,103.4,24.4,134,466,34.7,1.1,34,1377,0,0,144,0.14,66,65,66,17,1,25,1
1,2026-06-06T09:00,95.2,23.8,131,464,31.4,1.1,36,1376,0.05,0.05,127,0.14,67,66,67,15,1,22,1
1,2026-06-06T10:00,85.9,22.8,124,460,25.9,1.1,40,1373,0.45,0.45,105,0.13,68,67,68,13,1,20,1
1,2026-06-06T11:00,71,22,119,456,20,1.1,50,1370,1.55,1.55,89,0.13,69,67,69,10,1,18,1
1,2026-06-06T12:00,91.5,22.8,116,454,13.8,1.2,72,1368,3.45,3.4,82,0.13,70,68,70,7,1,18,1
1,2026-06-06T13:00,68.9,18,115,453,7.2,1.3,100,1366,5.85,5.8,82,0.13,71,68,71,4,1,20,1
1,2026-06-06T14:00,63.3,16.3,114,452,2.4,1.3,121,1364,8.15,8.15,87,0.13,71,69,71,1,1,23,1
1,2026-06-06T15:00,70.5,16.4,114,452,0.6,1.3,128,1363,9.7,9.7,100,0.13,72,69,72,0,1,28,1
1,2026-06-06T16:00,82.7,17.1,114,451,0.6,1.2,128,1363,10.05,10.05,118,0.14,72,69,72,0,1,34,1
1,2026-06-06T17:00,90.6,17.4,114,451,0.7,1.1,125,1361,9.05,9.05,140,0.14,73,69,73,0,1,39,1
1,2026-06-06T18:00,102.4,18.2,112,450,0.5,1,120,1355,7.1,7.1,170,0.15,73,69,73,0,1,44,1
1,2026-06-06T19:00,118.7,19.4,109,449,0.6,0.8,113,1348,4.65,4.65,203,0.15,73,69,73,0,1,49,0
1,2026-06-06T20:00,134.1,20.4,108,448,0.7,0.7,106,1343,2.5,2.5,221,0.15,72,69,72,0,1,59,0
1,2026-06-06T21:00,138.8,20.3,109,449,0.4,0.6,101,1344,0.95,0.95,213,0.14,72,69,72,0,1,67,0
1,2026-06-06T22:00,125.7,18.5,111,450,0.3,0.5,96,1348,0.25,0.25,190,0.13,72,69,72,0,1,67,0
1,2026-06-06T23:00,102.9,15.7,113,451,1.8,0.4,89,1352,0,0,168,0.11,72,68,72,1,1,62,0
1,2026-06-07T00:00,82.9,13.9,113,451,6.5,0.4,78,1354,0,0,151,0.1,72,68,72,3,1,53,0
1,2026-06-07T01:00,78.9,14.4,111,452,12.8,0.5,64,1355,0,0,136,0.09,72,68,72,6,1,48,0
1,2026-06-07T02:00,81.3,15.5,111,452,17.6,0.6,53,1356,0,0,123,0.09,71,67,71,9,1,44,0
1,2026-06-07T03:00,81.5,15.9,111,452,19.2,0.6,47,1358,0,0,115,0.09,71,67,71,9,1,41,0
1,2026-06-07T04:00,78.5,15.7,113,452,19.4,0.5,43,1359,0,0,111,0.08,71,66,71,10,1,37,0
1,2026-06-07T05:00,72.2,15.2,115,453,19.8,0.5,39,1362,0,0,104,0.08,70,65,70,10,1,33,0
1,2026-06-07T06:00,65.2,14.8,120,457,22,0.5,33,1366,0,0,93,0.08,69,65,69,11,1,30,0
1,2026-06-07T07:00,58.7,14.4,127,463,24.5,0.5,26,1371,0,0,79,0.08,68,64,68,12,1,26,0
1,2026-06-07T08:00,52,13.9,131,467,24.7,0.5,24,1374,0,0,67,0.08,67,63,67,12,1,22,0
1,2026-06-07T09:00,45.9,13.5,130,466,20.7,0.5,29,1376,0.05,0.05,55,0.08,66,62,66,10,1,19,0
1,2026-06-07T10:00,40.5,13,126,463,14.4,0.5,39,1376,0.45,0.45,44,0.08,65,61,65,7,1,17,0
1,2026-06-07T11:00,33.2,10.1,122,460,9,0.5,49,1376,1.5,1.5,39,0.08,64,60,64,4,1,16,0
1,2026-06-07T12:00,35.3,9.2,118,457,5.8,0.6,59,1375,3.15,3.15,45,0.08,63,59,63,3,1,16,0
1,2026-06-07T13:00,42.1,9.6,114,454,3.6,0.7,70,1372,5.25,5.25,57,0.08,62,58,62,2,1,17,0
1,2026-06-07T14:00,50.1,10.3,111,451,2,0.8,80,1369,7.2,7.2,71,0.08,62,57,62,1,1,19,0
1,2026-06-07T15:00,56.5,10.6,109,450,1.1,0.7,88,1364,8.7,8.7,86,0.08,61,57,61,1,1,22,0
1,2026-06-07T16:00,60.8,10.4,109,449,0.8,0.6,94,1359,9.2,9.2,102,0.08,61,56,61,0,1,25,0
1,2026-06-07T17:00,72.9,11,108,449,0.7,0.5,98,1355,8.4,8.4,117,0.09,61,56,61,0,1,29,0
1,2026-06-07T18:00,84.5,11.9,107,449,0.5,0.4,100,1353,6.6,6.6,132,0.09,60,55,60,0,1,33,0
1,2026-06-07T19:00,91.5,12.5,107,448,0.3,0.4,100,1353,4.45,4.45,146,0.1,60,54,60,0,1,37,0
1,2026-06-07T20:00,90.1,12.3,108.8,448,0.7,0.4,98,1353,2.4,2.4,149,0.1,59,54,59,0,1,40,0
1,2026-06-07T21:00,79.6,11.2,111.5,448,1.3,0.4,95,1353,1,1,132,0.09,58,53,58,1,1,42,0
1,2026-06-07T22:00,65,9.8,116,448,2.4,0.5,91,1353,0.25,0.25,104,0.09,57,52,57,1,1,44,0
1,2026-06-07T23:00,52,8.9,125,NaN,4.8,0.5,85,NaN,0,0,82,0.08,56,51,56,2,1,44,0
1,2026-06-08T00:00,48,9.2,135,NaN,9.6,0.6,75,NaN,0,0,73,0.08,55,51,55,5,1,44,0
1,2026-06-08T01:00,47.1,9.7,148,NaN,15.6,0.6,63,NaN,0,0,70,0.08,54,50,54,8,1,43,0
1,2026-06-08T02:00,47.6,10.4,158,NaN,20.7,0.7,54,NaN,0,0,69,0.07,53,50,53,10,1,41,0
1,2026-06-08T03:00,48.1,10.9,165,NaN,23.9,0.7,49,NaN,0,0,68,0.06,53,49,53,12,1,38,0
1,2026-06-08T04:00,48.2,11.2,170,NaN,26.1,0.7,46,NaN,0,0,68,0.06,52,48,52,13,1,35,0
1,2026-06-08T05:00,47.8,11.4,173,NaN,27.5,0.7,45,NaN,0,0,68,0.08,51,48,51,14,1,32,0
1,2026-06-08T06:00,47.3,11.5,173,NaN,27.9,0.7,45,NaN,0,0,66,0.07,51,47,51,14,1,29,0
1,2026-06-08T07:00,46.4,11.4,171,NaN,27.4,0.8,47,NaN,0,0,64,0.07,51,46,51,13,2,27,0
1,2026-06-08T08:00,45.4,11.2,169,NaN,27,0.8,48,NaN,0,0,63,0.09,50,46,50,13,2,25,0
1,2026-06-08T09:00,NaN,NaN,NaN,NaN,NaN,NaN,NaN,NaN,NaN,NaN,NaN,NaN,50,45,50,NaN,2,23,NaN
1,2026-06-08T10:00,NaN,NaN,NaN,NaN,NaN,NaN,NaN,NaN,NaN,NaN,NaN,NaN,NaN,NaN,NaN,NaN,NaN,NaN,NaN
1,2026-06-08T11:00,NaN,NaN,NaN,NaN,NaN,NaN,NaN,NaN,NaN,NaN,NaN,NaN,NaN,NaN,NaN,NaN,NaN,NaN,NaN
1,2026-06-08T12:00,NaN,NaN,NaN,NaN,NaN,NaN,NaN,NaN,NaN,NaN,NaN,NaN,NaN,NaN,NaN,NaN,NaN,NaN,NaN
1,2026-06-08T13:00,NaN,NaN,NaN,NaN,NaN,NaN,NaN,NaN,NaN,NaN,NaN,NaN,NaN,NaN,NaN,NaN,NaN,NaN,NaN
1,2026-06-08T14:00,NaN,NaN,NaN,NaN,NaN,NaN,NaN,NaN,NaN,NaN,NaN,NaN,NaN,NaN,NaN,NaN,NaN,NaN,NaN
1,2026-06-08T15:00,NaN,NaN,NaN,NaN,NaN,NaN,NaN,NaN,NaN,NaN,NaN,NaN,NaN,NaN,NaN,NaN,NaN,NaN,NaN
1,2026-06-08T16:00,NaN,NaN,NaN,NaN,NaN,NaN,NaN,NaN,NaN,NaN,NaN,NaN,NaN,NaN,NaN,NaN,NaN,NaN,NaN
1,2026-06-08T17:00,NaN,NaN,NaN,NaN,NaN,NaN,NaN,NaN,NaN,NaN,NaN,NaN,NaN,NaN,NaN,NaN,NaN,NaN,NaN
1,2026-06-08T18:00,NaN,NaN,NaN,NaN,NaN,NaN,NaN,NaN,NaN,NaN,NaN,NaN,NaN,NaN,NaN,NaN,NaN,NaN,NaN
1,2026-06-08T19:00,NaN,NaN,NaN,NaN,NaN,NaN,NaN,NaN,NaN,NaN,NaN,NaN,NaN,NaN,NaN,NaN,NaN,NaN,NaN
1,2026-06-08T20:00,NaN,NaN,NaN,NaN,NaN,NaN,NaN,NaN,NaN,NaN,NaN,NaN,NaN,NaN,NaN,NaN,NaN,NaN,NaN
1,2026-06-08T21:00,NaN,NaN,NaN,NaN,NaN,NaN,NaN,NaN,NaN,NaN,NaN,NaN,NaN,NaN,NaN,NaN,NaN,NaN,NaN
1,2026-06-08T22:00,NaN,NaN,NaN,NaN,NaN,NaN,NaN,NaN,NaN,NaN,NaN,NaN,NaN,NaN,NaN,NaN,NaN,NaN,NaN
1,2026-06-08T23:00,NaN,NaN,NaN,NaN,NaN,NaN,NaN,NaN,NaN,NaN,NaN,NaN,NaN,NaN,NaN,NaN,NaN,NaN,NaN
1,2026-06-09T00:00,NaN,NaN,NaN,NaN,NaN,NaN,NaN,NaN,NaN,NaN,NaN,NaN,NaN,NaN,NaN,NaN,NaN,NaN,NaN
1,2026-06-09T01:00,NaN,NaN,NaN,NaN,NaN,NaN,NaN,NaN,NaN,NaN,NaN,NaN,NaN,NaN,NaN,NaN,NaN,NaN,NaN
1,2026-06-09T02:00,NaN,NaN,NaN,NaN,NaN,NaN,NaN,NaN,NaN,NaN,NaN,NaN,NaN,NaN,NaN,NaN,NaN,NaN,NaN
1,2026-06-09T03:00,NaN,NaN,NaN,NaN,NaN,NaN,NaN,NaN,NaN,NaN,NaN,NaN,NaN,NaN,NaN,NaN,NaN,NaN,NaN
1,2026-06-09T04:00,NaN,NaN,NaN,NaN,NaN,NaN,NaN,NaN,NaN,NaN,NaN,NaN,NaN,NaN,NaN,NaN,NaN,NaN,NaN
1,2026-06-09T05:00,NaN,NaN,NaN,NaN,NaN,NaN,NaN,NaN,NaN,NaN,NaN,NaN,NaN,NaN,NaN,NaN,NaN,NaN,NaN
1,2026-06-09T06:00,NaN,NaN,NaN,NaN,NaN,NaN,NaN,NaN,NaN,NaN,NaN,NaN,NaN,NaN,NaN,NaN,NaN,NaN,NaN
1,2026-06-09T07:00,NaN,NaN,NaN,NaN,NaN,NaN,NaN,NaN,NaN,NaN,NaN,NaN,NaN,NaN,NaN,NaN,NaN,NaN,NaN
1,2026-06-09T08:00,NaN,NaN,NaN,NaN,NaN,NaN,NaN,NaN,NaN,NaN,NaN,NaN,NaN,NaN,NaN,NaN,NaN,NaN,NaN
1,2026-06-09T09:00,NaN,NaN,NaN,NaN,NaN,NaN,NaN,NaN,NaN,NaN,NaN,NaN,NaN,NaN,NaN,NaN,NaN,NaN,NaN
1,2026-06-09T10:00,NaN,NaN,NaN,NaN,NaN,NaN,NaN,NaN,NaN,NaN,NaN,NaN,NaN,NaN,NaN,NaN,NaN,NaN,NaN
1,2026-06-09T11:00,NaN,NaN,NaN,NaN,NaN,NaN,NaN,NaN,NaN,NaN,NaN,NaN,NaN,NaN,NaN,NaN,NaN,NaN,NaN
1,2026-06-09T12:00,NaN,NaN,NaN,NaN,NaN,NaN,NaN,NaN,NaN,NaN,NaN,NaN,NaN,NaN,NaN,NaN,NaN,NaN,NaN
1,2026-06-09T13:00,NaN,NaN,NaN,NaN,NaN,NaN,NaN,NaN,NaN,NaN,NaN,NaN,NaN,NaN,NaN,NaN,NaN,NaN,NaN
1,2026-06-09T14:00,NaN,NaN,NaN,NaN,NaN,NaN,NaN,NaN,NaN,NaN,NaN,NaN,NaN,NaN,NaN,NaN,NaN,NaN,NaN
1,2026-06-09T15:00,NaN,NaN,NaN,NaN,NaN,NaN,NaN,NaN,NaN,NaN,NaN,NaN,NaN,NaN,NaN,NaN,NaN,NaN,NaN
1,2026-06-09T16:00,NaN,NaN,NaN,NaN,NaN,NaN,NaN,NaN,NaN,NaN,NaN,NaN,NaN,NaN,NaN,NaN,NaN,NaN,NaN
1,2026-06-09T17:00,NaN,NaN,NaN,NaN,NaN,NaN,NaN,NaN,NaN,NaN,NaN,NaN,NaN,NaN,NaN,NaN,NaN,NaN,NaN
1,2026-06-09T18:00,NaN,NaN,NaN,NaN,NaN,NaN,NaN,NaN,NaN,NaN,NaN,NaN,NaN,NaN,NaN,NaN,NaN,NaN,NaN
1,2026-06-09T19:00,NaN,NaN,NaN,NaN,NaN,NaN,NaN,NaN,NaN,NaN,NaN,NaN,NaN,NaN,NaN,NaN,NaN,NaN,NaN
1,2026-06-09T20:00,NaN,NaN,NaN,NaN,NaN,NaN,NaN,NaN,NaN,NaN,NaN,NaN,NaN,NaN,NaN,NaN,NaN,NaN,NaN
1,2026-06-09T21:00,NaN,NaN,NaN,NaN,NaN,NaN,NaN,NaN,NaN,NaN,NaN,NaN,NaN,NaN,NaN,NaN,NaN,NaN,NaN
1,2026-06-09T22:00,NaN,NaN,NaN,NaN,NaN,NaN,NaN,NaN,NaN,NaN,NaN,NaN,NaN,NaN,NaN,NaN,NaN,NaN,NaN
1,2026-06-09T23:00,NaN,NaN,NaN,NaN,NaN,NaN,NaN,NaN,NaN,NaN,NaN,NaN,NaN,NaN,NaN,NaN,NaN,NaN,NaN
2,2026-06-03T00:00,10.3,7.9,353,469,5.7,0.9,40,1351,0,0,1,0.17,41,41,12,3,2,24,0
2,2026-06-03T01:00,11,8.5,312,471,7.1,1,37,1351,0,0,1,0.18,41,41,12,3,2,23,1
2,2026-06-03T02:00,10.9,8.4,266,472,8.4,1.1,33,1351,0,0,1,0.19,41,41,12,4,2,22,1
2,2026-06-03T03:00,10.8,8.4,216,471,9.6,1.2,30,1351,0,0,1,0.2,41,41,12,5,3,21,1
2,2026-06-03T04:00,10,7.8,161,469,10.7,1.2,27,1350,0,0,1,0.21,40,40,12,5,3,19,1
2,2026-06-03T05:00,10.9,8.5,124,467,11.7,1.2,24,1349,0,0,1,0.22,40,40,12,6,3,18,1
2,2026-06-03T06:00,10.8,8.4,120,464,12.8,1.2,21,1348,0,0,1,0.22,39,39,11,6,3,16,1
2,2026-06-03T07:00,10.7,8.3,136,460,13.8,1.1,18,1346,0,0,1,0.2,38,38,11,7,2,15,1
2,2026-06-03T08:00,10.4,8.2,151,457,10.1,1,27,1346,0.1,0.1,1,0.16,37,37,11,5,2,13,1
2,2026-06-03T09:00,9.5,7.4,163,455,7.8,1,36,1349,0.65,0.6,1,0.15,36,36,11,4,2,13,1
2,2026-06-03T10:00,9.5,7,176,452,4.6,0.9,47,1353,2.1,1.9,1,0.15,35,35,10,2,2,13,0
2,2026-06-03T11:00,9,6.5,180,451,2.1,0.8,57,1354,4.5,4.05,1,0.16,34,34,10,1,2,13,0
2,2026-06-03T12:00,8.3,6,169,450,1.1,0.7,62,1349,7.35,6.1,1,0.16,34,34,10,1,1,15,0
2,2026-06-03T13:00,8,5.8,151,450,0.9,0.6,65,1341,9.85,7.1,1,0.16,33,33,10,0,1,17,0
2,2026-06-03T14:00,7.3,5.2,137,450,0.9,0.5,66,1335,11.15,5.7,1,0.16,32,32,9,0,2,19,0
2,2026-06-03T15:00,6.9,5,134,449,0.9,0.4,65,1332,11,6.9,1,0.15,32,32,9,0,2,22,0
2,2026-06-03T16:00,5.3,3.9,136,449,1,0.4,63,1331,9.3,5.85,0,0.13,31,31,9,0,2,25,0
2,2026-06-03T17:00,4.9,3.5,138,448,1.2,0.4,61,1331,6.6,4.55,0,0.12,30,30,9,1,2,27,0
2,2026-06-03T18:00,4.8,3.4,135,447,1.3,0.4,59,1330,3.8,2.75,0,0.12,30,30,9,1,1,28,0
2,2026-06-03T19:00,4.4,3.1,133,447,1.5,0.4,57,1330,1.6,1.25,0,0.11,29,29,8,1,1,29,0
2,2026-06-03T20:00,4.2,2.9,139,448,1.9,0.4,54,1331,0.4,0.35,0,0.1,29,28,8,1,1,29,0
2,2026-06-03T21:00,4.5,3.2,163,451,2.7,0.4,51,1333,0,0,0,0.11,28,28,8,1,1,28,0
2,2026-06-03T22:00,4.4,3.2,196,455,3.7,0.5,47,1336,0,0,0,0.1,28,27,8,2,1,28,0
2,2026-06-03T23:00,4.8,3.6,219,458,4.9,0.6,43,1339,0,0,0,0.1,26,26,7,2,1,26,0
2,2026-06-04T00:00,5.5,4.1,223,459,6.4,0.7,39,1341,0,0,0,0.11,25,25,7,3,2,25,0
2,2026-06-04T01:00,6.4,4.9,217,459,8.1,0.8,34,1342,0,0,0,0.12,24,24,7,4,2,24,0
2,2026-06-04T02:00,7,5.4,204,459,9.4,0.9,31,1343,0,0,0,0.12,24,24,7,5,2,22,0
2,2026-06-04T03:00,7.6,5.8,180,459,9.8,1,30,1343,0,0,0,0.13,23,23,7,5,2,21,1
2,2026-06-04T04:00,8.3,6.3,150,458,9.9,1,30,1342,0,0,0,0.14,23,23,7,5,2,19,1
2,2026-06-04T05:00,8.8,6.7,133,459,10.3,1.1,29,1342,0,0,0,0.14,22,22,7,5,2,18,1
2,2026-06-04T06:00,8.9,6.7,144,464,12.2,1.2,26,1346,0,0,0,0.14,22,22,6,6,2,16,1
2,2026-06-04T07:00,9.9,7.4,169,470,14.4,1.3,23,1350,0,0,1,0.14,22,22,6,7,2,15,1
2,2026-06-04T08:00,11.3,8.8,186,473,14.8,1.3,24,1352,0.1,0.1,1,0.14,22,22,6,7,2,14,1
2,2026-06-04T09:00,10.7,8.5,186,468,11.5,1.2,32,1348,0.7,0.65,1,0.13,22,22,6,6,2,13,1
2,2026-06-04T10:00,9.9,7,179,458,6.3,1,45,1341,2.25,2,1,0.12,22,22,6,3,2,13,1
2,2026-06-04T11:00,8.8,6.2,169,451,2.3,0.8,55,1335,4.8,4.1,1,0.12,22,22,6,1,2,14,0
2,2026-06-04T12:00,8.4,5.9,155,448,1,0.7,62,1332,7.75,6.3,1,0.12,22,22,6,0,2,15,0
2,2026-06-04T13:00,8.2,5.8,138,448,0.8,0.6,67,1330,10.4,9,1,0.12,22,22,6,0,2,17,0
2,2026-06-04T14:00,8,5.6,127,448,0.9,0.6,69,1329,11.8,9.75,1,0.12,22,22,6,0,2,19,0
2,2026-06-04T15:00,7.9,5.6,125,448,0.8,0.6,67,1328,11.5,10.25,1,0.13,22,22,7,0,2,22,0
2,2026-06-04T16:00,7.9,5.5,128,448,0.9,0.5,63,1328,9.65,7.3,1,0.13,24,22,7,0,2,24,0
2,2026-06-04T17:00,8.5,5.8,133,448,1.1,0.5,59,1328,6.9,4,1,0.13,27,22,7,1,1,27,0
2,2026-06-04T18:00,8.1,5.5,140,448,1.2,0.5,55,1328,3.95,2.45,1,0.13,28,23,7,1,1,28,0
2,2026-06-04T19:00,8,5.4,149,447,1.4,0.5,51,1327,1.7,1.25,1,0.12,29,23,7,1,1,29,0
2,2026-06-04T20:00,8.1,5.4,161,448,1.9,0.5,48,1328,0.45,0.35,1,0.12,29,24,7,1,1,29,0
2,2026-06-04T21:00,7.7,5.2,181,450,2.8,0.6,45,1330,0,0,1,0.12,28,24,7,1,1,28,0
2,2026-06-04T22:00,7.7,5.3,205,454,3.9,0.6,42,1334,0,0,0,0.12,26,24,7,2,1,26,0
2,2026-06-04T23:00,6.7,4.8,217,456,4.9,0.7,40,1336,0,0,0,0.13,25,25,7,2,1,25,0
2,2026-06-05T00:00,6.3,4.6,210,456,5.6,0.8,38,1336,0,0,0,0.14,25,25,8,3,2,23,0
2,2026-06-05T01:00,6.5,4.8,191,455,6,0.8,37,1335,0,0,0,0.14,25,25,8,3,2,22,0
2,2026-06-05T02:00,6.7,4.9,173,454,6.4,0.9,35,1335,0,0,0,0.14,25,25,8,3,2,21,0
2,2026-06-05T03:00,6.9,5.1,155,454,6.4,0.9,33,1335,0,0,0,0.15,25,25,8,3,2,19,0
2,2026-06-05T04:00,7.2,5.3,138,454,6.4,0.9,32,1336,0,0,1,0.15,25,25,8,3,2,18,0
2,2026-06-05T05:00,7.8,5.7,131,456,6.8,0.9,30,1337,0,0,1,0.15,25,25,7,3,2,18,0
2,2026-06-05T06:00,8.6,6.3,145,462,8.7,1,26,1341,0,0,1,0.16,24,24,7,4,2,17,1
2,2026-06-05T07:00,9.7,7.1,169,469,11.2,1.1,23,1346,0,0,1,0.16,24,24,7,6,2,16,1
2,2026-06-05T08:00,10.7,7.9,186,472,11.9,1.1,23,1348,0.1,0.1,1,0.16,24,24,7,6,2,15,1
2,2026-06-05T09:00,9.7,7.1,188,466,9.3,1,31,1344,0.7,0.65,1,0.16,24,24,7,5,2,14,1
2,2026-06-05T10:00,8.9,6,182,456,5.1,0.8,44,1338,2.2,2.05,1,0.15,24,24,7,3,2,14,0
2,2026-06-05T11:00,7.7,5.2,173,448,1.8,0.6,54,1333,4.8,4.15,1,0.14,24,24,7,1,2,14,0
2,2026-06-05T12:00,7.1,4.8,159,446,0.7,0.5,59,1331,7.75,6.7,1,0.14,24,24,7,0,2,15,0
2,2026-06-05T13:00,6.8,4.6,142,447,0.7,0.5,61,1330,10.35,9.75,0,0.15,23,23,7,0,2,17,0
2,2026-06-05T14:00,6.5,4.4,131,448,0.8,0.5,61,1330,11.75,7.85,0,0.15,23,23,7,0,2,19,0
2,2026-06-05T15:00,6.7,4.4,127,448,0.7,0.5,60,1330,11.5,6,0,0.16,23,23,7,0,2,21,0
2,2026-06-05T16:00,7.1,4.7,130,448,0.8,0.5,57,1331,9.65,5.5,0,0.15,23,23,7,0,2,23,0
2,2026-06-05T17:00,7,4.7,143,448,1,0.5,54,1332,6.9,5,0,0.14,25,23,7,0,1,25,0
2,2026-06-05T18:00,6.6,4.4,180,448,1.3,0.5,51,1333,3.95,3.1,0,0.16,26,22,7,1,1,26,0
2,2026-06-05T19:00,6.6,4.4,228,449,1.6,0.5,48,1334,1.65,1.15,1,0.18,26,22,7,1,1,26,0
2,2026-06-05T20:00,7.3,5,255,450,2,0.5,45,1335,0.4,0.3,1,0.18,26,22,7,1,1,26,0
2,2026-06-05T21:00,8.5,5.8,242,452,2.4,0.6,44,1337,0,0,1,0.2,25,22,7,1,2,25,0
2,2026-06-05T22:00,8,5.7,209,454,2.9,0.6,44,1338,0,0,2,0.22,24,22,7,1,2,24,0
2,2026-06-05T23:00,8.7,6.2,181,455,3.5,0.7,43,1339,0,0,2,0.23,23,22,7,2,2,23,0
2,2026-06-06T00:00,9.3,6.7,168,455,4.3,0.7,41,1338,0,0,2,0.24,22,22,7,2,2,22,0
2,2026-06-06T01:00,9.5,6.9,160,454,5.3,0.8,38,1335,0,0,2,0.25,23,23,7,3,2,21,0
2,2026-06-06T02:00,9.8,7.2,152,454,5.8,0.8,37,1334,0,0,2,0.23,23,23,7,3,2,21,0
2,2026-06-06T03:00,9.9,7.2,141,454,5.6,0.8,38,1334,0,0,2,0.24,24,24,7,3,2,20,0
2,2026-06-06T04:00,9.6,7.1,131,454,4.9,0.8,39,1335,0,0,2,0.23,24,24,7,2,2,19,0
2,2026-06-06T05:00,9.3,6.9,125,455,4.4,0.8,40,1336,0,0,2,0.23,24,24,8,2,2,19,0
2,2026-06-06T06:00,9,6.7,127,457,4.4,0.8,39,1338,0,0,2,0.23,24,24,8,2,2,19,0
2,2026-06-06T07:00,8.6,6.5,133,460,4.5,0.7,38,1341,0,0,2,0.22,24,24,8,2,1,18,0
2,2026-06-06T08:00,8.3,6.3,138,461,4.4,0.7,38,1342,0.1,0.05,2,0.21,24,24,8,2,1,18,0
2,2026-06-06T09:00,8.1,5.8,142,458,3.8,0.7,42,1339,0.65,0.5,2,0.21,24,24,7,2,1,18,0
2,2026-06-06T10:00,7.5,5.4,146,454,3,0.6,47,1334,2.15,1.15,1,0.21,24,24,7,1,1,18,0
2,2026-06-06T11:00,7.4,5.3,146,450,2.2,0.6,52,1331,4.65,2.4,1,0.21,24,24,7,1,1,19,0
2,2026-06-06T12:00,6.7,4.8,141,449,1.6,0.6,56,1330,7.6,5.35,1,0.2,24,24,7,1,1,19,0
2,2026-06-06T13:00,6,4.3,133,449,1.1,0.5,61,1331,10.15,7.75,1,0.19,24,24,7,1,1,20,0
2,2026-06-06T14:00,5.4,3.9,127,449,0.8,0.5,63,1331,11.55,9.1,1,0.19,24,24,7,0,1,22,0
2,2026-06-06T15:00,5,3.6,125,448,0.7,0.5,63,1330,11.35,7.05,1,0.18,24,24,7,0,1,23,0
2,2026-06-06T16:00,4.9,3.5,125,447,0.8,0.4,61,1330,9.7,5.85,0,0.14,24,24,7,0,1,24,0
2,2026-06-06T17:00,4.3,3.1,127,447,1,0.4,58,1330,6.95,5.45,0,0.14,26,23,7,0,1,26,0
2,2026-06-06T18:00,4.3,3,130,447,1.2,0.4,54,1331,4,3.65,0,0.13,27,23,7,1,1,27,0
2,2026-06-06T19:00,4.8,3.3,134,447,1.4,0.4,50,1334,1.7,1.4,0,0.14,27,23,7,1,1,27,0
2,2026-06-06T20:00,6,4,138,448,1.7,0.4,46,1336,0.45,0.35,0,0.14,27,23,7,1,1,27,0
2,2026-06-06T21:00,6.3,4.4,143,450,2.2,0.5,43,1339,0,0,1,0.16,26,22,7,1,1,26,0
2,2026-06-06T22:00,7.5,5.4,147,452,2.9,0.6,41,1342,0,0,1,0.19,25,22,7,1,1,25,0
2,2026-06-06T23:00,9.5,6.9,149,454,3.3,0.7,40,1344,0,0,2,0.22,24,22,7,2,1,24,0
2,2026-06-07T00:00,11.2,8.2,145,455,3.4,0.8,42,1344,0,0,2,0.25,23,22,7,2,1,23,0
2,2026-06-07T01:00,12.1,9,139,455,3.4,0.8,45,1343,0,0,2,0.27,23,23,7,2,1,22,0
2,2026-06-07T02:00,12.1,9.1,132,455,3.3,0.8,48,1341,0,0,2,0.28,23,23,7,2,1,21,0
2,2026-06-07T03:00,11.3,8.6,125,455,3.2,0.8,49,1339,0,0,2,0.27,23,23,7,2,1,21,0
2,2026-06-07T04:00,10.1,7.8,118,454,3.1,0.7,50,1336,0,0,1,0.24,23,23,7,2,1,21,0
2,2026-06-07T05:00,8.9,6.9,115,454,3.1,0.7,50,1335,0,0,1,0.22,24,24,7,2,1,21,0
2,2026-06-07T06:00,7.1,5.6,117,454,3.3,0.7,49,1336,0,0,1,0.2,24,24,7,2,1,21,0
2,2026-06-07T07:00,5.8,4.6,122,454,3.5,0.6,47,1338,0,0,0,0.18,23,23,7,2,1,22,0
2,2026-06-07T08:00,5.2,4.2,128,453,3.5,0.6,46,1341,0.1,0.05,0,0.17,23,23,7,2,1,22,0
2,2026-06-07T09:00,4.9,3.7,134,451,3,0.5,48,1345,0.7,0.6,0,0.17,23,23,7,1,1,22,0
2,2026-06-07T10:00,4,3,141,449,2.2,0.5,51,1349,2.25,1.5,0,0.16,22,22,7,1,1,22,0
2,2026-06-07T11:00,3.5,2.5,143,447,1.5,0.4,54,1350,4.8,3.4,0,0.15,23,22,6,1,1,23,0
2,2026-06-07T12:00,3.5,2.5,138,447,1.1,0.4,56,1347,7.95,6.65,0,0.14,23,21,6,1,1,23,0
2,2026-06-07T13:00,4.2,2.9,130,447,0.8,0.4,57,1341,10.65,8.9,1,0.13,23,21,6,0,1,23,0
2,2026-06-07T14:00,5.5,3.7,123,448,0.6,0.4,58,1336,12.15,11.1,1,0.13,24,21,6,0,1,24,0
2,2026-06-07T15:00,6.7,4.5,121,448,0.6,0.4,57,1335,11.9,10.35,1,0.13,24,21,6,0,1,24,0
2,2026-06-07T16:00,7.7,5.1,121,448,0.7,0.4,55,1335,10.1,6.4,1,0.13,25,21,6,0,1,25,0
2,2026-06-07T17:00,9.8,6.6,122,448,0.8,0.4,54,1335,7.15,5.1,1,0.13,25,21,6,0,1,25,0
2,2026-06-07T18:00,12.4,8.3,124,448,0.9,0.4,53,1332,4.1,3.45,1,0.13,26,22,7,0,1,26,0
2,2026-06-07T19:00,12.7,8.6,126,449,0.9,0.4,53,1329,1.75,1.55,1,0.12,26,23,7,0,1,26,0
2,2026-06-07T20:00,13.5,9.2,127.8,449,1.2,0.5,53,1327,0.45,0.4,1,0.13,26,24,7,1,1,26,0
2,2026-06-07T21:00,14.5,10,131.5,449,1.9,0.6,52,1326,0.05,0,1,0.14,26,25,7,1,1,26,0
2,2026-06-07T22:00,12,8.8,139,449,2.8,0.7,52,1327,0,0,1,0.16,26,26,8,1,1,25,0
2,2026-06-07T23:00,11.1,8.3,148,NaN,3.4,0.8,51,NaN,0,0,1,0.17,26,26,8,2,1,25,0
2,2026-06-08T00:00,10.7,8.1,149,NaN,3.5,0.8,50,NaN,0,0,1,0.17,26,26,8,2,1,25,0
2,2026-06-08T01:00,10.4,7.9,149,NaN,3.3,0.8,49,NaN,0,0,1,0.18,26,26,8,2,1,24,0
2,2026-06-08T02:00,10.4,7.9,148,NaN,3.1,0.8,49,NaN,0,0,1,0.19,26,26,8,2,1,24,0
2,2026-06-08T03:00,10.4,7.9,147,NaN,2.8,0.8,50,NaN,0,0,1,0.21,26,26,8,1,1,24,0
2,2026-06-08T04:00,9.7,7.5,145,NaN,2.4,0.7,51,NaN,0,0,1,0.21,26,26,8,1,1,24,0
2,2026-06-08T05:00,8.9,6.9,144,NaN,2.2,0.7,51,NaN,0,0,1,0.21,26,26,8,1,1,23,0
2,2026-06-08T06:00,8,6.3,144,NaN,2.5,0.7,49,NaN,0,0,1,0.19,26,26,8,1,1,23,0
2,2026-06-08T07:00,7.6,5.9,145,NaN,3,0.7,46,NaN,0,0,0,0.17,26,26,8,1,1,23,0
2,2026-06-08T08:00,7.2,5.7,146,NaN,3.4,0.7,44,NaN,0.1,0.1,0,0.17,26,26,8,2,1,23,0
2,2026-06-08T09:00,NaN,NaN,NaN,NaN,NaN,NaN,NaN,NaN,NaN,NaN,NaN,NaN,26,26,8,NaN,1,23,NaN
2,2026-06-08T10:00,NaN,NaN,NaN,NaN,NaN,NaN,NaN,NaN,NaN,NaN,NaN,NaN,NaN,NaN,NaN,NaN,NaN,NaN,NaN
2,2026-06-08T11:00,NaN,NaN,NaN,NaN,NaN,NaN,NaN,NaN,NaN,NaN,NaN,NaN,NaN,NaN,NaN,NaN,NaN,NaN,NaN
2,2026-06-08T12:00,NaN,NaN,NaN,NaN,NaN,NaN,NaN,NaN,NaN,NaN,NaN,NaN,NaN,NaN,NaN,NaN,NaN,NaN,NaN
2,2026-06-08T13:00,NaN,NaN,NaN,NaN,NaN,NaN,NaN,NaN,NaN,NaN,NaN,NaN,NaN,NaN,NaN,NaN,NaN,NaN,NaN
2,2026-06-08T14:00,NaN,NaN,NaN,NaN,NaN,NaN,NaN,NaN,NaN,NaN,NaN,NaN,NaN,NaN,NaN,NaN,NaN,NaN,NaN
2,2026-06-08T15:00,NaN,NaN,NaN,NaN,NaN,NaN,NaN,NaN,NaN,NaN,NaN,NaN,NaN,NaN,NaN,NaN,NaN,NaN,NaN
2,2026-06-08T16:00,NaN,NaN,NaN,NaN,NaN,NaN,NaN,NaN,NaN,NaN,NaN,NaN,NaN,NaN,NaN,NaN,NaN,NaN,NaN
2,2026-06-08T17:00,NaN,NaN,NaN,NaN,NaN,NaN,NaN,NaN,NaN,NaN,NaN,NaN,NaN,NaN,NaN,NaN,NaN,NaN,NaN
2,2026-06-08T18:00,NaN,NaN,NaN,NaN,NaN,NaN,NaN,NaN,NaN,NaN,NaN,NaN,NaN,NaN,NaN,NaN,NaN,NaN,NaN
2,2026-06-08T19:00,NaN,NaN,NaN,NaN,NaN,NaN,NaN,NaN,NaN,NaN,NaN,NaN,NaN,NaN,NaN,NaN,NaN,NaN,NaN
2,2026-06-08T20:00,NaN,NaN,NaN,NaN,NaN,NaN,NaN,NaN,NaN,NaN,NaN,NaN,NaN,NaN,NaN,NaN,NaN,NaN,NaN
2,2026-06-08T21:00,NaN,NaN,NaN,NaN,NaN,NaN,NaN,NaN,NaN,NaN,NaN,NaN,NaN,NaN,NaN,NaN,NaN,NaN,NaN
2,2026-06-08T22:00,NaN,NaN,NaN,NaN,NaN,NaN,NaN,NaN,NaN,NaN,NaN,NaN,NaN,NaN,NaN,NaN,NaN,NaN,NaN
2,2026-06-08T23:00,NaN,NaN,NaN,NaN,NaN,NaN,NaN,NaN,NaN,NaN,NaN,NaN,NaN,NaN,NaN,NaN,NaN,NaN,NaN
2,2026-06-09T00:00,NaN,NaN,NaN,NaN,NaN,NaN,NaN,NaN,NaN,NaN,NaN,NaN,NaN,NaN,NaN,NaN,NaN,NaN,NaN
2,2026-06-09T01:00,NaN,NaN,NaN,NaN,NaN,NaN,NaN,NaN,NaN,NaN,NaN,NaN,NaN,NaN,NaN,NaN,NaN,NaN,NaN
2,2026-06-09T02:00,NaN,NaN,NaN,NaN,NaN,NaN,NaN,NaN,NaN,NaN,NaN,NaN,NaN,NaN,NaN,NaN,NaN,NaN,NaN
2,2026-06-09T03:00,NaN,NaN,NaN,NaN,NaN,NaN,NaN,NaN,NaN,NaN,NaN,NaN,NaN,NaN,NaN,NaN,NaN,NaN,NaN
2,2026-06-09T04:00,NaN,NaN,NaN,NaN,NaN,NaN,NaN,NaN,NaN,NaN,NaN,NaN,NaN,NaN,NaN,NaN,NaN,NaN,NaN
2,2026-06-09T05:00,NaN,NaN,NaN,NaN,NaN,NaN,NaN,NaN,NaN,NaN,NaN,NaN,NaN,NaN,NaN,NaN,NaN,NaN,NaN
2,2026-06-09T06:00,NaN,NaN,NaN,NaN,NaN,NaN,NaN,NaN,NaN,NaN,NaN,NaN,NaN,NaN,NaN,NaN,NaN,NaN,NaN
2,2026-06-09T07:00,NaN,NaN,NaN,NaN,NaN,NaN,NaN,NaN,NaN,NaN,NaN,NaN,NaN,NaN,NaN,NaN,NaN,NaN,NaN
2,2026-06-09T08:00,NaN,NaN,NaN,NaN,NaN,NaN,NaN,NaN,NaN,NaN,NaN,NaN,NaN,NaN,NaN,NaN,NaN,NaN,NaN
2,2026-06-09T09:00,NaN,NaN,NaN,NaN,NaN,NaN,NaN,NaN,NaN,NaN,NaN,NaN,NaN,NaN,NaN,NaN,NaN,NaN,NaN
2,2026-06-09T10:00,NaN,NaN,NaN,NaN,NaN,NaN,NaN,NaN,NaN,NaN,NaN,NaN,NaN,NaN,NaN,NaN,NaN,NaN,NaN
2,2026-06-09T11:00,NaN,NaN,NaN,NaN,NaN,NaN,NaN,NaN,NaN,NaN,NaN,NaN,NaN,NaN,NaN,NaN,NaN,NaN,NaN
2,2026-06-09T12:00,NaN,NaN,NaN,NaN,NaN,NaN,NaN,NaN,NaN,NaN,NaN,NaN,NaN,NaN,NaN,NaN,NaN,NaN,NaN
2,2026-06-09T13:00,NaN,NaN,NaN,NaN,NaN,NaN,NaN,NaN,NaN,NaN,NaN,NaN,NaN,NaN,NaN,NaN,NaN,NaN,NaN
2,2026-06-09T14:00,NaN,NaN,NaN,NaN,NaN,NaN,NaN,NaN,NaN,NaN,NaN,NaN,NaN,NaN,NaN,NaN,NaN,NaN,NaN
2,2026-06-09T15:00,NaN,NaN,NaN,NaN,NaN,NaN,NaN,NaN,NaN,NaN,NaN,NaN,NaN,NaN,NaN,NaN,NaN,NaN,NaN
2,2026-06-09T16:00,NaN,NaN,NaN,NaN,NaN,NaN,NaN,NaN,NaN,NaN,NaN,NaN,NaN,NaN,NaN,NaN,NaN,NaN,NaN
2,2026-06-09T17:00,NaN,NaN,NaN,NaN,NaN,NaN,NaN,NaN,NaN,NaN,NaN,NaN,NaN,NaN,NaN,NaN,NaN,NaN,NaN
2,2026-06-09T18:00,NaN,NaN,NaN,NaN,NaN,NaN,NaN,NaN,NaN,NaN,NaN,NaN,NaN,NaN,NaN,NaN,NaN,NaN,NaN
2,2026-06-09T19:00,NaN,NaN,NaN,NaN,NaN,NaN,NaN,NaN,NaN,NaN,NaN,NaN,NaN,NaN,NaN,NaN,NaN,NaN,NaN
2,2026-06-09T20:00,NaN,NaN,NaN,NaN,NaN,NaN,NaN,NaN,NaN,NaN,NaN,NaN,NaN,NaN,NaN,NaN,NaN,NaN,NaN
2,2026-06-09T21:00,NaN,NaN,NaN,NaN,NaN,NaN,NaN,NaN,NaN,NaN,NaN,NaN,NaN,NaN,NaN,NaN,NaN,NaN,NaN
2,2026-06-09T22:00,NaN,NaN,NaN,NaN,NaN,NaN,NaN,NaN,NaN,NaN,NaN,NaN,NaN,NaN,NaN,NaN,NaN,NaN,NaN
2,2026-06-09T23:00,NaN,NaN,NaN,NaN,NaN,NaN,NaN,NaN,NaN,NaN,NaN,NaN,NaN,NaN,NaN,NaN,NaN,NaN,NaN
3,2026-06-03T00:00,17.6,12.7,123,443,2.2,1.1,81,1374,0,0,1,0.21,50,25,6,1,1,50,1
3,2026-06-03T01:00,17.4,12.3,122,445,2.7,1.1,77,1377,0,0,1,0.21,47,27,7,1,1,47,1
3,2026-06-03T02:00,17.7,12.4,120,446,3.1,1.1,74,1378,0,0,1,0.19,45,28,8,2,1,45,1
3,2026-06-03T03:00,17.7,12.4,118,447,3.4,1.1,70,1377,0,0,1,0.18,42,30,8,2,1,42,1
3,2026-06-03T04:00,17.5,12.2,117,448,3.7,1,67,1375,0,0,1,0.18,40,31,9,2,1,40,1
3,2026-06-03T05:00,17.5,12,115,449,3.9,1,64,1373,0,0,1,0.19,37,33,9,2,1,37,1
3,2026-06-03T06:00,17.9,12.3,113,451,4,1,61,1371,0,0,1,0.17,35,34,10,2,1,35,1
3,2026-06-03T07:00,18.2,12.5,112,453,4,1,58,1368,0,0,2,0.16,35,35,10,2,1,34,1
3,2026-06-03T08:00,19.4,13.3,111,454,5.2,1,57,1366,0,0,2,0.19,36,36,10,3,1,32,1
3,2026-06-03T09:00,19.4,13.2,111,453,4.1,1,62,1364,0.05,0.05,2,0.18,37,37,11,2,1,31,1
3,2026-06-03T10:00,20.5,13.8,111,452,2.5,1,68,1362,0.4,0.35,2,0.17,39,39,11,1,1,30,1
3,2026-06-03T11:00,19.7,13.2,111,450,1.3,1,74,1361,1.25,0.85,2,0.16,40,40,12,1,1,29,1
3,2026-06-03T12:00,18.1,12,112,449,0.9,0.9,79,1360,2.7,1.2,2,0.14,42,42,12,0,1,30,0
3,2026-06-03T13:00,16.1,10.4,112,447,0.9,0.8,83,1359,4.6,3.15,3,0.13,43,43,13,0,1,30,0
3,2026-06-03T14:00,13.7,8.6,113,446,0.9,0.7,85,1358,6.65,2.4,3,0.11,44,44,13,0,1,31,0
3,2026-06-03T15:00,11.8,7,113,444,0.8,0.6,85,1357,8.25,2.75,3,0.1,44,44,14,0,1,33,0
3,2026-06-03T16:00,10,5.8,113,443,0.7,0.6,83,1355,8.9,4,3,0.09,45,45,14,0,1,34,0
3,2026-06-03T17:00,8.5,5,112,442,0.6,0.5,80,1354,8.45,3.95,3,0.08,45,45,14,0,1,36,0
3,2026-06-03T18:00,7.1,4.3,110,442,0.6,0.5,74,1353,7,3,2,0.08,45,45,14,0,1,37,0
3,2026-06-03T19:00,5.9,3.6,107,443,0.6,0.4,67,1353,5,1.9,2,0.07,45,45,14,0,1,37,0
3,2026-06-03T20:00,4.4,2.8,105,443,0.7,0.4,62,1352,3,1.05,1,0.08,45,45,14,0,1,37,0
3,2026-06-03T21:00,3.5,2.3,105,443,0.8,0.4,60,1351,1.45,0.5,1,0.08,43,43,14,0,1,36,0
3,2026-06-03T22:00,3.2,2.1,106,443,1,0.4,59,1350,0.5,0.2,0,0.08,42,42,13,0,1,35,0
3,2026-06-03T23:00,3.5,2.3,108,443,1.1,0.4,60,1350,0.1,0.05,0,0.09,40,40,13,1,1,33,0
3,2026-06-04T00:00,3.8,2.5,113,444,1.2,0.4,61,1352,0,0,0,0.09,38,38,12,1,1,32,0
3,2026-06-04T01:00,4.3,2.8,120,446,1.3,0.5,64,1355,0,0,0,0.09,36,36,12,1,1,30,0
3,2026-06-04T02:00,4.8,3.1,126,448,1.3,0.5,66,1357,0,0,0,0.09,35,35,11,1,1,29,0
3,2026-06-04T03:00,5,3.3,129,449,1.3,0.5,68,1358,0,0,0,0.09,33,33,11,1,1,29,0
3,2026-06-04T04:00,5.3,3.4,131,450,1.2,0.5,69,1360,0,0,0,0.1,31,31,10,1,1,29,0
3,2026-06-04T05:00,5.5,3.5,131,451,1.2,0.5,70,1360,0,0,0,0.11,30,30,10,1,1,29,0
3,2026-06-04T06:00,5.6,3.6,129,451,1.2,0.5,70,1360,0,0,0,0.11,30,28,9,1,1,30,0
3,2026-06-04T07:00,5.7,3.7,124,451,1.2,0.5,70,1359,0,0,0,0.11,31,27,9,1,1,31,0
3,2026-06-04T08:00,5.7,3.7,121,450,1.2,0.5,70,1358,0,0,0,0.11,31,25,9,1,1,31,0
3,2026-06-04T09:00,5.5,3.6,120,449,1.2,0.5,70,1358,0.05,0.05,0,0.1,32,24,8,1,1,32,0
3,2026-06-04T10:00,5.2,3.4,119,448,1.3,0.5,69,1358,0.45,0.15,0,0.09,32,22,7,1,1,32,0
3,2026-06-04T11:00,4.7,3.1,118,447,1.3,0.5,69,1358,1.3,0.5,0,0.09,32,20,7,1,1,32,0
3,2026-06-04T12:00,4.2,2.9,117,446,1.2,0.5,70,1357,2.8,1.25,0,0.08,32,18,6,1,1,32,0
3,2026-06-04T13:00,4,2.7,115,445,1.1,0.5,71,1357,4.7,2.45,1,0.08,32,17,6,1,1,32,0
3,2026-06-04T14:00,4,2.7,114,445,0.9,0.5,73,1356,6.7,4.45,1,0.08,32,15,5,0,1,32,0
3,2026-06-04T15:00,4.2,2.8,114,445,0.8,0.5,76,1356,8.15,7.1,1,0.07,33,14,5,0,1,33,0
3,2026-06-04T16:00,4.1,2.8,114,445,0.6,0.5,80,1357,8.7,8.6,1,0.06,33,14,5,0,1,33,0
3,2026-06-04T17:00,4.2,2.8,114,445,0.5,0.5,83,1357,8.2,8.1,1,0.06,34,13,4,0,1,34,0
3,2026-06-04T18:00,4,2.7,113,445,0.4,0.5,84,1357,6.75,6.7,1,0.06,34,13,4,0,1,34,0
3,2026-06-04T19:00,4,2.8,111,444,0.4,0.5,84,1356,4.8,4.8,0,0.06,35,13,4,0,1,35,0
3,2026-06-04T20:00,4.3,2.9,110,444,0.5,0.5,83,1356,2.9,2.9,0,0.07,36,12,4,0,1,36,0
3,2026-06-04T21:00,4.7,3.2,111,443,0.6,0.5,81,1356,1.4,1.4,0,0.07,37,12,4,0,1,37,0
3,2026-06-04T22:00,5.3,3.6,114,442,0.8,0.5,77,1357,0.5,0.5,0,0.07,37,13,4,0,1,37,0
3,2026-06-04T23:00,5.9,3.9,117,442,1.1,0.5,73,1357,0.1,0.1,0,0.07,38,13,4,1,1,38,0
3,2026-06-05T00:00,6.6,4.4,120,444,1.5,0.5,69,1357,0,0,0,0.07,37,13,4,1,1,37,0
3,2026-06-05T01:00,7,4.6,123,446,1.9,0.5,64,1358,0,0,0,0.07,37,13,4,1,1,37,0
3,2026-06-05T02:00,7.3,4.9,126,449,2.4,0.5,60,1358,0,0,0,0.07,36,14,5,1,1,36,0
3,2026-06-05T03:00,7.7,5.1,128,452,2.8,0.5,57,1358,0,0,0,0.07,34,14,5,1,1,34,0
3,2026-06-05T04:00,8,5.3,129,454,3.3,0.5,54,1358,0,0,0,0.07,33,14,5,2,1,33,0
3,2026-06-05T05:00,8.4,5.5,131,457,3.7,0.5,51,1358,0,0,0,0.08,31,15,5,2,1,31,0
3,2026-06-05T06:00,8.8,5.7,134,460,4.4,0.5,48,1359,0,0,0,0.09,29,15,5,2,1,29,0
3,2026-06-05T07:00,9,5.8,137,462,5,0.5,45,1361,0,0,0,0.09,28,15,5,2,1,28,0
3,2026-06-05T08:00,9.1,5.9,137,463,5.1,0.5,45,1362,0,0,0,0.1,26,16,5,3,1,26,0
3,2026-06-05T09:00,9.1,5.9,131,461,4.1,0.5,50,1362,0.05,0.05,0,0.11,25,16,5,2,1,25,0
3,2026-06-05T10:00,7.8,5.1,122,457,2.5,0.5,57,1361,0.4,0.4,0,0.11,24,17,5,1,1,24,0
3,2026-06-05T11:00,12.2,7.7,115,453,1.2,0.5,64,1360,1.25,1.1,0,0.12,24,17,6,1,1,24,0
3,2026-06-05T12:00,10.5,6.7,111,450,0.7,0.5,69,1358,2.7,2.1,0,0.11,24,18,6,0,1,24,0
3,2026-06-05T13:00,9.4,6,109,448,0.6,0.4,74,1357,4.6,2.55,0,0.11,25,18,6,0,1,25,0
3,2026-06-05T14:00,9.1,5.8,108,446,0.6,0.4,77,1355,6.5,3.6,0,0.1,26,19,6,0,1,26,0
3,2026-06-05T15:00,9.2,5.8,107,445,0.5,0.4,79,1354,8,4.8,0,0.1,28,19,6,0,1,28,0
3,2026-06-05T16:00,9.4,6,106,444,0.4,0.4,79,1353,8.6,5.45,1,0.09,30,20,7,0,1,30,0
3,2026-06-05T17:00,9.4,5.9,106,443,0.4,0.4,79,1352,8.15,4.9,1,0.1,32,21,7,0,1,32,0
3,2026-06-05T18:00,9.5,6,106,443,0.4,0.4,79,1352,6.75,3.9,1,0.1,34,21,7,0,1,34,0
3,2026-06-05T19:00,9.1,5.8,105,443,0.4,0.5,78,1353,4.85,2.75,0,0.1,35,22,7,0,1,35,0
3,2026-06-05T20:00,8.4,5.3,105,443,0.4,0.5,77,1353,2.9,2,0,0.1,36,22,7,0,1,36,0
3,2026-06-05T21:00,7.5,4.7,105,443,0.5,0.5,76,1353,1.4,1.05,0,0.09,36,23,8,0,1,36,0
3,2026-06-05T22:00,6.7,4.2,105,443,0.6,0.5,74,1354,0.5,0.4,0,0.09,36,23,8,0,1,36,0
3,2026-06-05T23:00,6.1,3.9,106,443,0.7,0.5,73,1354,0.1,0.1,0,0.08,36,23,8,0,1,36,0
3,2026-06-06T00:00,5.9,3.7,109,444,0.7,0.5,72,1354,0,0,0,0.08,36,23,8,0,1,36,0
3,2026-06-06T01:00,6.1,3.8,112,446,0.7,0.5,70,1355,0,0,0,0.08,35,23,8,0,1,35,0
3,2026-06-06T02:00,6.2,3.9,114,447,0.8,0.5,69,1355,0,0,0,0.08,35,23,8,0,1,35,0
3,2026-06-06T03:00,6.7,4.2,114,448,1,0.5,67,1355,0,0,0,0.08,34,22,8,0,1,34,0
3,2026-06-06T04:00,7.3,4.6,112,450,1.2,0.5,65,1355,0,0,0,0.08,34,22,8,1,1,34,0
3,2026-06-06T05:00,7.3,4.6,111,451,1.3,0.5,63,1355,0,0,0,0.08,33,22,8,1,1,33,0
3,2026-06-06T06:00,7.5,4.7,110,452,1.3,0.5,62,1355,0,0,0,0.08,32,22,8,1,1,32,0
3,2026-06-06T07:00,8,5,109,452,1.1,0.5,62,1354,0,0,0,0.09,31,22,8,1,1,31,0
3,2026-06-06T08:00,8,5,108,452,1,0.5,63,1354,0,0,0,0.09,31,22,7,0,1,31,0
3,2026-06-06T09:00,7.9,4.9,107,450,0.9,0.5,64,1353,0.05,0.05,0,0.09,30,22,7,0,1,30,0
3,2026-06-06T10:00,8.2,5.1,105,448,0.8,0.5,66,1352,0.4,0.3,0,0.09,30,21,7,0,1,30,0
3,2026-06-06T11:00,7.6,4.8,104,446,0.7,0.5,68,1352,1.15,0.8,0,0.09,30,21,7,0,1,30,0
3,2026-06-06T12:00,6.5,4.1,104,445,0.6,0.5,70,1353,2.35,1.75,0,0.09,30,21,7,0,1,30,0
3,2026-06-06T13:00,6.2,3.9,104,444,0.6,0.5,73,1354,3.95,2.8,0,0.09,30,20,7,0,1,30,0
3,2026-06-06T14:00,6.6,4.2,104,444,0.5,0.5,75,1355,5.6,2.7,0,0.08,31,20,7,0,1,31,0
3,2026-06-06T15:00,6.2,3.9,103,444,0.5,0.5,75,1356,6.8,4.5,0,0.08,31,20,7,0,1,31,0
3,2026-06-06T16:00,5.2,3.3,102,443,0.4,0.5,75,1356,7.3,4.85,0,0.08,32,19,7,0,1,32,0
3,2026-06-06T17:00,5.1,3.2,101,443,0.4,0.5,74,1356,6.9,3.2,0,0.08,33,19,7,0,1,33,0
3,2026-06-06T18:00,5.1,3.2,101,443,0.4,0.6,73,1356,5.7,2.85,0,0.08,33,19,6,0,1,33,0
3,2026-06-06T19:00,5.1,3.2,101,443,0.4,0.6,71,1356,4.15,1.9,0,0.08,34,18,6,0,1,34,0
3,2026-06-06T20:00,5.2,3.2,101,443,0.4,0.7,69,1356,2.5,1.75,0,0.08,34,18,6,0,1,34,0
3,2026-06-06T21:00,5.1,3.2,101,443,0.4,0.7,68,1356,1.25,0.95,0,0.08,34,17,6,0,1,34,0
3,2026-06-06T22:00,5.1,3.2,101,443,0.4,0.8,67,1357,0.45,0.35,0,0.07,34,17,6,0,1,34,0
3,2026-06-06T23:00,5.5,3.4,102,443,0.6,0.8,65,1357,0.1,0.1,0,0.07,33,17,6,0,1,33,0
3,2026-06-07T00:00,5.8,3.7,105,444,0.9,0.8,62,1357,0,0,0,0.07,33,17,6,0,1,33,0
3,2026-06-07T01:00,6,3.8,108,445,1.4,0.8,58,1358,0,0,0,0.07,32,17,6,1,1,32,0
3,2026-06-07T02:00,6.4,4.1,112,446,2.1,0.8,55,1359,0,0,0,0.07,31,17,6,1,1,31,0
3,2026-06-07T03:00,6.9,4.4,116,447,2.9,0.8,52,1361,0,0,0,0.07,30,17,6,1,1,30,0
3,2026-06-07T04:00,7.3,4.7,121,448,3.9,0.9,50,1363,0,0,0,0.07,29,17,6,2,1,29,0
3,2026-06-07T05:00,7.8,5.1,125,449,5.1,0.9,47,1365,0,0,0,0.07,28,17,6,3,1,28,0
3,2026-06-07T06:00,8.1,5.5,129,450,7.2,0.9,41,1366,0,0,0,0.08,26,17,6,4,1,26,0
3,2026-06-07T07:00,8.4,5.7,132,451,9.5,0.8,35,1367,0,0,0,0.07,25,17,6,5,1,25,0
3,2026-06-07T08:00,8.4,5.8,134,451,10.3,0.8,33,1367,0,0,0,0.07,23,17,6,5,1,23,0
3,2026-06-07T09:00,8.5,6,134,450,8,0.9,39,1368,0.05,0.05,0,0.08,22,17,6,4,1,22,0
3,2026-06-07T10:00,7.8,5.3,132,448,4.1,1,50,1368,0.4,0.4,0,0.08,20,17,6,2,1,20,1
3,2026-06-07T11:00,7.1,4.6,129,446,1.2,1.1,59,1368,1.15,1.05,0,0.08,20,18,6,1,1,20,1
3,2026-06-07T12:00,6,3.9,124,445,0.3,1.1,63,1366,2.4,1.85,0,0.08,21,17,6,0,1,21,1
3,2026-06-07T13:00,5.2,3.4,117,445,0.4,1,66,1364,4.1,3.05,0,0.09,21,17,6,0,1,21,1
3,2026-06-07T14:00,4.5,2.9,112,445,0.5,0.9,68,1362,5.85,5.15,0,0.08,22,17,6,0,1,22,0
3,2026-06-07T15:00,4.3,2.8,110,445,0.4,0.9,70,1361,7.25,7.15,0,0.08,24,17,6,0,1,24,0
3,2026-06-07T16:00,4.3,2.9,110,444,0.4,0.9,72,1361,7.85,7.85,0,0.08,26,17,6,0,1,26,0
3,2026-06-07T17:00,4.3,2.9,110,444,0.4,0.9,73,1361,7.4,7.4,0,0.08,28,17,6,0,1,28,0
3,2026-06-07T18:00,4.3,2.9,110,444,0.4,0.9,74,1361,6.15,6,0,0.08,30,17,6,0,1,30,0
3,2026-06-07T19:00,4.2,2.9,110,443,0.4,0.8,75,1361,4.45,4.05,0,0.08,32,17,6,0,1,32,0
3,2026-06-07T20:00,4.3,2.9,112.8,443,0.5,0.8,75,1361,2.75,2.25,0,0.08,33,17,6,0,1,33,0
3,2026-06-07T21:00,4.5,3,115.5,443,0.7,0.8,73,1361,1.35,0.95,0,0.08,33,17,6,0,1,33,0
3,2026-06-07T22:00,4.8,3.2,119,443,1,0.7,69,1361,0.5,0.3,0,0.08,34,17,5,0,1,34,0
3,2026-06-07T23:00,5.2,3.5,123,NaN,1.3,0.7,66,NaN,0.1,0.05,0,0.09,34,17,5,1,1,34,0
3,2026-06-08T00:00,5.8,3.8,124,NaN,1.7,0.7,63,NaN,0,0,0,0.1,33,17,5,1,1,33,0
3,2026-06-08T01:00,6.2,4.1,124,NaN,2.1,0.6,59,NaN,0,0,1,0.1,33,17,5,1,1,33,0
3,2026-06-08T02:00,7.4,4.8,124,NaN,2.4,0.6,57,NaN,0,0,1,0.09,32,17,5,1,1,32,0
3,2026-06-08T03:00,6.9,4.5,123,NaN,2.3,0.6,56,NaN,0,0,1,0.08,31,17,6,1,1,31,0
3,2026-06-08T04:00,7,4.5,121,NaN,2.1,0.7,57,NaN,0,0,0,0.08,30,17,6,1,1,30,0
3,2026-06-08T05:00,7.1,4.5,120,NaN,1.9,0.7,57,NaN,0,0,0,0.1,29,17,6,1,1,29,0
3,2026-06-08T06:00,7.2,4.6,120,NaN,1.9,0.7,56,NaN,0,0,0,0.1,28,17,5,1,1,28,0
3,2026-06-08T07:00,7.5,4.8,121,NaN,2,0.7,54,NaN,0,0,0,0.11,27,17,5,1,1,27,0
3,2026-06-08T08:00,7.2,4.6,121,NaN,2,0.7,53,NaN,0,0,0,0.11,27,16,5,1,1,27,0
3,2026-06-08T09:00,NaN,NaN,NaN,NaN,NaN,NaN,NaN,NaN,NaN,NaN,NaN,NaN,26,16,5,NaN,1,26,NaN
3,2026-06-08T10:00,NaN,NaN,NaN,NaN,NaN,NaN,NaN,NaN,NaN,NaN,NaN,NaN,NaN,NaN,NaN,NaN,NaN,NaN,NaN
3,2026-06-08T11:00,NaN,NaN,NaN,NaN,NaN,NaN,NaN,NaN,NaN,NaN,NaN,NaN,NaN,NaN,NaN,NaN,NaN,NaN,NaN
3,2026-06-08T12:00,NaN,NaN,NaN,NaN,NaN,NaN,NaN,NaN,NaN,NaN,NaN,NaN,NaN,NaN,NaN,NaN,NaN,NaN,NaN
3,2026-06-08T13:00,NaN,NaN,NaN,NaN,NaN,NaN,NaN,NaN,NaN,NaN,NaN,NaN,NaN,NaN,NaN,NaN,NaN,NaN,NaN
3,2026-06-08T14:00,NaN,NaN,NaN,NaN,NaN,NaN,NaN,NaN,NaN,NaN,NaN,NaN,NaN,NaN,NaN,NaN,NaN,NaN,NaN
3,2026-06-08T15:00,NaN,NaN,NaN,NaN,NaN,NaN,NaN,NaN,NaN,NaN,NaN,NaN,NaN,NaN,NaN,NaN,NaN,NaN,NaN
3,2026-06-08T16:00,NaN,NaN,NaN,NaN,NaN,NaN,NaN,NaN,NaN,NaN,NaN,NaN,NaN,NaN,NaN,NaN,NaN,NaN,NaN
3,2026-06-08T17:00,NaN,NaN,NaN,NaN,NaN,NaN,NaN,NaN,NaN,NaN,NaN,NaN,NaN,NaN,NaN,NaN,NaN,NaN,NaN
3,2026-06-08T18:00,NaN,NaN,NaN,NaN,NaN,NaN,NaN,NaN,NaN,NaN,NaN,NaN,NaN,NaN,NaN,NaN,NaN,NaN,NaN
3,2026-06-08T19:00,NaN,NaN,NaN,NaN,NaN,NaN,NaN,NaN,NaN,NaN,NaN,NaN,NaN,NaN,NaN,NaN,NaN,NaN,NaN
3,2026-06-08T20:00,NaN,NaN,NaN,NaN,NaN,NaN,NaN,NaN,NaN,NaN,NaN,NaN,NaN,NaN,NaN,NaN,NaN,NaN,NaN
3,2026-06-08T21:00,NaN,NaN,NaN,NaN,NaN,NaN,NaN,NaN,NaN,NaN,NaN,NaN,NaN,NaN,NaN,NaN,NaN,NaN,NaN
3,2026-06-08T22:00,NaN,NaN,NaN,NaN,NaN,NaN,NaN,NaN,NaN,NaN,NaN,NaN,NaN,NaN,NaN,NaN,NaN,NaN,NaN
3,2026-06-08T23:00,NaN,NaN,NaN,NaN,NaN,NaN,NaN,NaN,NaN,NaN,NaN,NaN,NaN,NaN,NaN,NaN,NaN,NaN,NaN
3,2026-06-09T00:00,NaN,NaN,NaN,NaN,NaN,NaN,NaN,NaN,NaN,NaN,NaN,NaN,NaN,NaN,NaN,NaN,NaN,NaN,NaN
3,2026-06-09T01:00,NaN,NaN,NaN,NaN,NaN,NaN,NaN,NaN,NaN,NaN,NaN,NaN,NaN,NaN,NaN,NaN,NaN,NaN,NaN
3,2026-06-09T02:00,NaN,NaN,NaN,NaN,NaN,NaN,NaN,NaN,NaN,NaN,NaN,NaN,NaN,NaN,NaN,NaN,NaN,NaN,NaN
3,2026-06-09T03:00,NaN,NaN,NaN,NaN,NaN,NaN,NaN,NaN,NaN,NaN,NaN,NaN,NaN,NaN,NaN,NaN,NaN,NaN,NaN
3,2026-06-09T04:00,NaN,NaN,NaN,NaN,NaN,NaN,NaN,NaN,NaN,NaN,NaN,NaN,NaN,NaN,NaN,NaN,NaN,NaN,NaN
3,2026-06-09T05:00,NaN,NaN,NaN,NaN,NaN,NaN,NaN,NaN,NaN,NaN,NaN,NaN,NaN,NaN,NaN,NaN,NaN,NaN,NaN
3,2026-06-09T06:00,NaN,NaN,NaN,NaN,NaN,NaN,NaN,NaN,NaN,NaN,NaN,NaN,NaN,NaN,NaN,NaN,NaN,NaN,NaN
3,2026-06-09T07:00,NaN,NaN,NaN,NaN,NaN,NaN,NaN,NaN,NaN,NaN,NaN,NaN,NaN,NaN,NaN,NaN,NaN,NaN,NaN
3,2026-06-09T08:00,NaN,NaN,NaN,NaN,NaN,NaN,NaN,NaN,NaN,NaN,NaN,NaN,NaN,NaN,NaN,NaN,NaN,NaN,NaN
3,2026-06-09T09:00,NaN,NaN,NaN,NaN,NaN,NaN,NaN,NaN,NaN,NaN,NaN,NaN,NaN,NaN,NaN,NaN,NaN,NaN,NaN
3,2026-06-09T10:00,NaN,NaN,NaN,NaN,NaN,NaN,NaN,NaN,NaN,NaN,NaN,NaN,NaN,NaN,NaN,NaN,NaN,NaN,NaN
3,2026-06-09T11:00,NaN,NaN,NaN,NaN,NaN,NaN,NaN,NaN,NaN,NaN,NaN,NaN,NaN,NaN,NaN,NaN,NaN,NaN,NaN
3,2026-06-09T12:00,NaN,NaN,NaN,NaN,NaN,NaN,NaN,NaN,NaN,NaN,NaN,NaN,NaN,NaN,NaN,NaN,NaN,NaN,NaN
3,2026-06-09T13:00,NaN,NaN,NaN,NaN,NaN,NaN,NaN,NaN,NaN,NaN,NaN,NaN,NaN,NaN,NaN,NaN,NaN,NaN,NaN
3,2026-06-09T14:00,NaN,NaN,NaN,NaN,NaN,NaN,NaN,NaN,NaN,NaN,NaN,NaN,NaN,NaN,NaN,NaN,NaN,NaN,NaN
3,2026-06-09T15:00,NaN,NaN,NaN,NaN,NaN,NaN,NaN,NaN,NaN,NaN,NaN,NaN,NaN,NaN,NaN,NaN,NaN,NaN,NaN
3,2026-06-09T16:00,NaN,NaN,NaN,NaN,NaN,NaN,NaN,NaN,NaN,NaN,NaN,NaN,NaN,NaN,NaN,NaN,NaN,NaN,NaN
3,2026-06-09T17:00,NaN,NaN,NaN,NaN,NaN,NaN,NaN,NaN,NaN,NaN,NaN,NaN,NaN,NaN,NaN,NaN,NaN,NaN,NaN
3,2026-06-09T18:00,NaN,NaN,NaN,NaN,NaN,NaN,NaN,NaN,NaN,NaN,NaN,NaN,NaN,NaN,NaN,NaN,NaN,NaN,NaN
3,2026-06-09T19:00,NaN,NaN,NaN,NaN,NaN,NaN,NaN,NaN,NaN,NaN,NaN,NaN,NaN,NaN,NaN,NaN,NaN,NaN,NaN
3,2026-06-09T20:00,NaN,NaN,NaN,NaN,NaN,NaN,NaN,NaN,NaN,NaN,NaN,NaN,NaN,NaN,NaN,NaN,NaN,NaN,NaN
3,2026-06-09T21:00,NaN,NaN,NaN,NaN,NaN,NaN,NaN,NaN,NaN,NaN,NaN,NaN,NaN,NaN,NaN,NaN,NaN,NaN,NaN
3,2026-06-09T22:00,NaN,NaN,NaN,NaN,NaN,NaN,NaN,NaN,NaN,NaN,NaN,NaN,NaN,NaN,NaN,NaN,NaN,NaN,NaN
3,2026-06-09T23:00,NaN,NaN,NaN,NaN,NaN,NaN,NaN,NaN,NaN,NaN,NaN,NaN,NaN,NaN,NaN,NaN,NaN,NaN,NaN